"id","playerId","firstName","lastName","adp","projectedPoints","salary","positionRank","slotName","teamName","lineupStatus","byeWeek"
"5daf3960-25f3-402a-800a-41f8ae4c38b5","ae8f738f-a91d-4ee1-b13c-d0228fdb5016","Jahmyr","Gibbs","1.1","299.9","100","RB1","RB","Detroit Lions",,
"25cbfc55-cb8a-4589-85de-e91870f65952","2b0cbe83-48a2-41b0-b03f-42180cfc4b77","Bijan","Robinson","2.0","294.9","100","RB2","RB","Atlanta Falcons",,
"e05bf051-69f3-4483-8ce3-20b365a19cac","19818cc6-e21b-4258-9315-93cb64fb92e7","Ja'Marr","Chase","3.1","256.6","99","WR1","WR","Cincinnati Bengals",,
"cedb5dc7-eb8d-4928-bf85-aea13ee90967","e442b551-f8b9-42d2-bf92-677aee7e9a79","Puka","Nacua","4.2","259.0","99","WR2","WR","Los Angeles Rams",,
"ad8c9f6a-fee3-4edf-95a9-83208575555e","c2f61e40-f9fa-4050-b955-9b236bcceeed","Jaxon","Smith-Njigba","5.5","235.1","98","WR3","WR","Seattle Seahawks",,
"22bb912e-3c0d-498f-8ef9-86d332d90e1b","cb7b1dc6-91ce-47b8-813c-07486371a922","Christian","McCaffrey","6.1","260.0","98","RB3","RB","San Francisco 49ers",,
"da561afd-b293-4e29-8986-fe658247131d","b4d7a866-815f-40c1-8f76-7608b4ab1c01","Amon-Ra","St. Brown","7.1","227.5","97","WR4","WR","Detroit Lions",,
"c34627c5-0225-45a3-b729-c49827bf5a8e","8b9ad544-0e96-4b38-9b59-c293e3aadf39","Jonathan","Taylor","7.8","256.3","97","RB4","RB","Indianapolis Colts",,
"21ec9ffa-959e-4e5e-8d64-88776b1b4150","4de8084d-aa1a-43c7-9676-0def5b39e980","CeeDee","Lamb","9.8","222.5","96","WR5","WR","Dallas Cowboys",,
"60d2284c-5727-4476-8eaa-fa734e0d9f01","7b434d3b-e0f9-40f1-bedd-51f973c59c5f","James","Cook","10.1","247.3","96","RB5","RB","Buffalo Bills",,
"3ccbc4c7-afff-4477-93c6-10c823f53098","d61fb310-35c9-4f90-a99c-fb4605a870f4","Justin","Jefferson","11.2","205.4","95","WR6","WR","Minnesota Vikings",,
"9f4b0912-cb1e-4d16-b82b-45b05b012839","6691d6ae-d453-45d2-9604-4120271a1259","Ashton","Jeanty","12.0","238.5","95","RB6","RB","Las Vegas Raiders",,
"674152bc-219e-4a7e-88e1-0b7bab267127","aa48a0ad-1d71-4d09-a86a-1e6e1987d911","Saquon","Barkley","13.8","228.2","94","RB7","RB","Philadelphia Eagles",,
"57c18f3f-4ec5-4e23-9fb1-ea9b9d35ea95","4ccbad89-b2df-4502-9944-eedc4ec9060a","Kenneth","Walker III","14.4","227.5","94","RB8","RB","Kansas City Chiefs",,
"6ed8fa4f-065c-4166-bd39-81555e655948","e8312b02-cf05-4abd-808d-33a115a6b29c","Chase","Brown","14.8","230.7","94","RB9","RB","Cincinnati Bengals",,
"87e96674-63b1-4d0d-bc76-32e0d9327539","2961fcb5-8f79-44ce-a1eb-e195cfa18349","Omarion","Hampton","16.5","222.9","93","RB10","RB","Los Angeles Chargers",,
"9eafc1c1-9dcf-40c6-a66c-10a04e720600","e9fdd9a9-7652-4f39-b790-071e2839f862","Derrick","Henry","17.0","240.4","93","RB11","RB","Baltimore Ravens",,
"3ab31e43-ec23-46c5-b59d-b3850ad1ae3a","33072d1d-45b2-4b52-89ac-67e56923a3cd","De'Von","Achane","17.3","221.9","93","RB12","RB","Miami Dolphins",,
"d7fc5a7b-bbb5-4b53-a9d4-58780f9d3ba1","dd48e78f-5a11-4056-b21e-94789a31ee6e","A.J.","Brown","18.9","205.7","92","WR7","WR","New England Patriots",,
"91204d39-aa4f-4927-9728-3c80fde04371","6f3725e1-d57e-4516-8d71-cf7e3328267d","Brock","Bowers","19.9","202.5","91","TE1","TE","Las Vegas Raiders",,
"2b821176-4aeb-4159-b49e-c87dfc4a25d9","fc7cba00-d4a8-4ad1-83af-a6932d777354","Drake","London","21.4","203.2","91","WR8","WR","Atlanta Falcons",,
"bcd9dd40-142a-4f3c-b47e-654117d32658","4817d915-eef0-4ff3-8a53-3652bd6ea36a","Nico","Collins","23.1","208.5","90","WR9","WR","Houston Texans",,
"02c7a4a9-1a8c-43b9-9b1c-d3eba62cfa47","54411227-af25-42c9-9ac5-f740fa220777","George","Pickens","23.5","203.7","90","WR10","WR","Dallas Cowboys",,
"c07c6a7e-5738-4d6d-9cc6-5e8ce3707358","9e383307-302a-4285-93aa-69bb32de103d","Malik","Nabers","23.8","184.3","90","WR11","WR","New York Giants",,
"1cc09dd6-2918-4379-b17a-562dc04857c5","1ed35e23-07ed-46d1-beb8-5072f8f4f14b","Jeremiyah","Love","25.2","193.0","89","RB13","RB","Arizona Cardinals",,
"1f6e0b0d-f18a-41cd-8df6-18d49ef463c1","87b71b64-5182-4dbf-a04d-10b3a68ec2a6","Rashee","Rice","26.7","185.3","88","WR12","WR","Kansas City Chiefs",,
"41e96471-3191-4cbd-966d-e240e1b3deeb","9e8bc8ee-72ed-4792-acca-d2b744a0b5ba","DeVonta","Smith","27.9","189.2","88","WR13","WR","Philadelphia Eagles",,
"15a3bde4-5f94-46b8-9b44-928336c230fd","f35e2ebd-3564-4083-b64a-0d59bedf1d9c","Breece","Hall","28.4","199.6","87","RB14","RB","New York Jets",,
"2955db5c-a718-4e9b-a9bf-c9c51a1a4c11","a4388eb5-9783-46f2-b262-43fbe0201ea3","Trey","McBride","29.7","186.9","87","TE2","TE","Arizona Cardinals",,
"83a1c1dd-93ee-4997-ae2b-139466d923ed","463ed573-6658-435f-82a4-170352fb6887","Chris","Olave","30.4","192.9","86","WR14","WR","New Orleans Saints",,
"e75fdadf-f9d2-44d5-8f0b-2308f7b00ab0","15250a4e-0ec5-44dd-988d-3b556cbc40e9","Zay","Flowers","30.8","189.7","86","WR15","WR","Baltimore Ravens",,
"35636630-0a9c-41d1-a63e-14c33291ebf7","a4fc249b-c776-4926-b8d4-f5a557d337e5","Emeka","Egbuka","32.1","185.5","86","WR16","WR","Tampa Bay Buccaneers",,
"03e908d2-14b1-49ed-a6e6-56e41a5e9988","df0c7db6-0a74-4343-a31e-0b64e2d6b0ea","Kyren","Williams","32.3","196.0","86","RB15","RB","Los Angeles Rams",,
"56790984-c8f7-499a-a5cd-74c77b38028c","021635a5-9e24-419c-afe0-4db7f5e2cc2d","Ladd","McConkey","34.1","187.7","85","WR17","WR","Los Angeles Chargers",,
"6f55c5db-6322-482c-a15b-4d659d3bb07d","67d130d9-b76e-4457-b503-f0d139d9c83d","Tee","Higgins","35.0","184.9","84","WR18","WR","Cincinnati Bengals",,
"38b6b4a2-35c6-47c8-9f89-758091b3a630","b3fc6404-a8a0-4475-8276-209e50b74069","Javonte","Williams","35.3","190.8","84","RB16","RB","Dallas Cowboys",,
"c983ef21-e50f-42a8-b7b1-eb75b071a74f","99398db6-2ffb-42e9-bdb0-4312a399ab08","Josh","Allen","36.5","363.5","84","QB1","QB","Buffalo Bills",,
"fdd6ca8b-286d-4eb3-86e0-d2f970f6fa9c","b3574a5a-ee99-43d3-9056-0f9807dab4b2","Jaylen","Waddle","38.5","182.5","83","WR19","WR","Denver Broncos",,
"473889a2-a6c7-4912-9c96-1665a08877e1","63729550-4edb-4bb9-8a4f-2fa66c107b31","Garrett","Wilson","39.4","183.4","82","WR20","WR","New York Jets",,
"a3a3a72e-899e-4bbb-962d-dd308af3a320","d4af82a6-7aea-4dd8-8d40-912051b1d2b8","Tetairoa","McMillan","39.6","182.5","82","WR21","WR","Carolina Panthers",,
"01714e65-49e3-4185-8e4a-6a7ae051d5bf","3dc1b1fc-0c07-4f33-ad1b-a0d2fb83edf3","Josh","Jacobs","41.5","188.1","81","RB17","RB","Green Bay Packers",,
"64d36d44-e477-496c-8250-80bc47e1d6d6","a6d5129f-7469-4d59-b74e-3f8b59b977b8","Travis","Etienne Jr.","42.3","189.7","81","RB18","RB","New Orleans Saints",,
"081d65a4-1d29-40ff-9ca1-dabad6887ff2","cd425d92-c7b7-4da7-87eb-b2aec2f355ac","Cam","Skattebo","43.6","189.5","80","RB19","RB","New York Giants",,
"4cf7c6ab-95f6-4e5f-adaa-ec47c1198dd1","08aacfb4-2cf3-4626-9f27-1dbdca661263","Colston","Loveland","43.8","173.4","80","TE3","TE","Chicago Bears",,
"667ca3ed-1519-414d-83e0-30bf2dc21162","45cb8445-7d55-49b1-915d-23f631d8b760","Luther","Burden","45.8","173.0","79","WR22","WR","Chicago Bears",,
"c06c8642-d1d0-4df1-8254-ee4e0ea70c5f","ab4b11fa-c34d-4317-b4b7-bf16fcc678e3","Terry","McLaurin","47.1","176.8","79","WR23","WR","Washington Commanders",,
"4b14baf1-115c-4fde-b12b-fa3ec53ab612","7366cd9d-f434-4a89-b28c-f121c69f8666","David","Montgomery","47.2","187.6","79","RB20","RB","Houston Texans",,
"dc3bcebb-9e77-437c-9f51-57548947a981","81ab025b-6000-4620-b4a8-db6c18b98a7c","D'Andre","Swift","47.6","189.2","78","RB21","RB","Chicago Bears",,
"fed6c701-5437-4965-b008-d65eb8280fea","ebed0797-4404-4df7-bb66-1192d89e13d5","Mike","Evans","49.1","185.2","78","WR24","WR","San Francisco 49ers",,
"6e351f30-740b-4649-b1c3-28b52f7ee0a4","dcd23250-bfbe-4f79-a5ce-d769546eb4df","Bhayshul","Tuten","50.9","160.8","77","RB22","RB","Jacksonville Jaguars",,
"3e1631ff-095d-431f-9df2-e30c87ace2b0","991d546e-1d68-4cc6-977e-62286356f087","Jameson","Williams","51.8","176.2","77","WR25","WR","Detroit Lions",,
"61dc9c11-cbf2-4508-bc17-54da23abfb8d","56c3ad41-32a6-413e-8cf0-50912b952f92","Davante","Adams","51.9","159.0","76","WR26","WR","Los Angeles Rams",,
"719db736-34b5-4990-ae8a-86d851f9eb37","f9fdd402-4e4f-4625-b168-0f47634a6b1f","Quinshon","Judkins","52.9","182.0","76","RB23","RB","Cleveland Browns",,
"00d5b7d1-4bbd-4b38-8f4b-b40348f13e55","6d1e2e6b-00ea-4889-9db1-f6ff25eeb3f1","D.J.","Moore","54.2","149.5","75","WR27","WR","Buffalo Bills",,
"9853a3b5-067e-4aee-9388-4e21fa09d7d9","8344283b-c062-4719-b8d9-ab751543e329","Bucky","Irving","54.4","183.3","75","RB24","RB","Tampa Bay Buccaneers",,
"9dd90ca5-f85f-4823-863c-f5fc1719835c","9edce99f-fad8-4de1-9e20-435b3d12c310","Lamar","Jackson","56.5","332.0","74","QB2","QB","Baltimore Ravens",,
"54ddd66e-ce84-4ff8-979d-6cc9e1ff78ff","a35e7801-2125-42e2-8acc-1a10ba7e1933","TreVeyon","Henderson","57.3","164.0","74","RB25","RB","New England Patriots",,
"42a418b0-461c-4841-9c74-8f4a3547239c","c108c752-92fd-491f-94ed-60b0b3cea7d8","Christian","Watson","57.5","176.1","74","WR28","WR","Green Bay Packers",,
"e91cddd5-487d-4d8b-8131-c85691917e82","567edce8-cab2-43fc-b082-ed4a653f760d","Rome","Odunze","58.3","173.9","73","WR29","WR","Chicago Bears",,
"13a35139-f4c3-4f11-a2ee-13e427f57852","df987034-7ce1-4afa-a28b-0bf557793758","Parker","Washington","58.5","174.4","73","WR30","WR","Jacksonville Jaguars",,
"89d88336-52d9-468c-bbe3-c1167c2e7819","33b215dc-3bf9-450d-8e9b-58281339235a","Carnell","Tate","61.5","166.0","72","WR31","WR","Tennessee Titans",,
"c7bcbb9b-7598-4810-982a-bfd189daf987","bf4e5ec9-fa5f-4dfe-96e7-5a936362ec97","Jadarian","Price","61.9","140.0","72","RB26","RB","Seattle Seahawks",,
"7c4c6c1d-bce9-45e7-9578-1eb5b4ace271","234e0f4b-e7d1-4852-b65a-348ac45f49d6","Tyler","Warren","62.2","159.6","72","TE4","TE","Indianapolis Colts",,
"ac9035c0-d09b-4223-8db3-76c7994fd11a","67d430bc-67a8-49e6-8111-27bbab20ecb9","Brian","Thomas","64.3","164.4","71","WR32","WR","Jacksonville Jaguars",,
"e1bb7729-b87e-4abc-9743-f469d20839bd","63ebab10-215c-47fd-8e4a-814afe6e87a5","Drake","Maye","67.2","324.8","69","QB3","QB","New England Patriots",,
"d407419c-8b2a-4590-b343-2f813554d6e0","db0f4c66-62fe-4316-9b9b-a0d5a7d9962a","Marvin","Harrison","67.5","155.2","69","WR33","WR","Arizona Cardinals",,
"7d59fc1e-990c-4002-994f-3c5e32b058ca","3aa36041-d450-48d1-9a1b-0b5e0381760f","Jordyn","Tyson","67.8","165.0","69","WR34","WR","New Orleans Saints",,
"f5231907-10c2-4638-83c2-43ec8f3394c3","a0fa2a74-640b-4cc1-a5d8-841ab9557fe0","Joe","Burrow","68.3","308.1","69","QB4","QB","Cincinnati Bengals",,
"986f5827-6ed9-4992-9c64-df54cc33c2b2","efa72299-559b-4b2c-99e2-bf8ade2d28de","Jayden","Daniels","69.5","312.7","68","QB5","QB","Washington Commanders",,
"41bac526-b103-4a40-9142-dcef21e5da72","290ec831-46e1-4b99-815e-e40a35db0e5a","Jaylen","Warren","70.5","156.6","68","RB27","RB","Pittsburgh Steelers",,
"017da9b8-968f-4baa-858f-d8bbf32373ee","3b5c2580-e73e-4222-8b98-b6dc14690e73","Rhamondre","Stevenson","71.0","153.8","68","RB28","RB","New England Patriots",,
"96b8e2a1-4f67-4f4f-807f-861566d4461c","3bbedd10-bec5-49ae-976b-659119ab156c","Jalen","Hurts","72.7","314.5","67","QB6","QB","Philadelphia Eagles",,
"8b23a214-cb44-4db0-a1f2-10a1d6c9e8bf","c496a8a9-1391-4db5-9089-909053dde90d","Caleb","Williams","73.3","303.3","67","QB7","QB","Chicago Bears",,
"dd7ba07b-e45a-4e8a-af56-8123a2ec1e8e","7131fd51-e10c-4fc8-840c-274f82210d19","Quentin","Johnston","74.8","134.9","66","WR35","WR","Los Angeles Chargers",,
"e46168ce-4da2-4a27-8ccd-8a986b4f5e3a","9fce5a42-43cc-4cf2-8732-b37153519ea6","DK","Metcalf","75.8","152.3","65","WR36","WR","Pittsburgh Steelers",,
"b63d54a7-769e-4dd3-8ba8-bc1e865afc2f","121cdd7c-b594-425c-864a-365b5e653747","Tony","Pollard","76.7","148.1","65","RB29","RB","Tennessee Titans",,
"de7ad4ba-381a-4899-b682-01c237566a46","1fa16276-37d0-4017-b356-dff85b4bc053","Tucker","Kraft","78.1","140.9","64","TE5","TE","Green Bay Packers",,
"b44b6d29-a02e-48ae-9b60-1f2202464ba9","5f066072-1fb5-4ff2-9ff7-8a187d37204b","Jonathon","Brooks","79.0","110.5","64","RB30","RB","Carolina Panthers",,
"ef35a5ca-57be-43d7-a55b-d4d568091425","6dd797af-0abf-4bb5-82ca-9447147d3e61","Jayden","Reed","79.6","164.6","64","WR37","WR","Green Bay Packers",,
"9b7b55a2-3b03-4e52-8928-eb34d7c82baa","59c5f1e3-fccf-4782-b593-98c518e75e3e","Dak","Prescott","81.0","303.9","63","QB8","QB","Dallas Cowboys",,
"e97d1607-52ac-43a6-80f0-a630cab1e74b","1edbae01-fd1f-408a-8b46-7365d293ee71","Josh","Downs","81.8","143.4","63","WR38","WR","Indianapolis Colts",,
"11818a85-2fd9-4efd-aba2-bb18fc46a486","01ef3113-2cb7-4121-b98a-0f72e8d4d4e1","Makai","Lemon","82.1","161.0","62","WR39","WR","Philadelphia Eagles",,
"be421b67-977b-4ab9-a9c8-282f1548706d","d78f8b26-1823-4f49-be34-b9eadd252c3c","Justin","Herbert","83.6","299.5","62","QB9","QB","Los Angeles Chargers",,
"c8b20835-6103-48bb-bf86-dfbb883649d5","b51ef827-ba15-4a30-87f5-1a74d1bd84bf","Courtland","Sutton","84.1","144.8","62","WR40","WR","Denver Broncos",,
"8b881421-a482-4cae-83bd-a19a96ec5eda","92f5879c-865a-45f6-80ad-fb96ff005a28","Rico","Dowdle","85.6","144.1","61","RB31","RB","Pittsburgh Steelers",,
"2b64247d-26af-48b7-bcb9-20ae6c38caee","66c1ab28-bbf4-4854-80ff-c4caf765fda8","Trevor","Lawrence","86.2","307.4","61","QB10","QB","Jacksonville Jaguars",,
"877b2b95-1014-448a-9255-a4ec6dad9330","87d1b639-a279-401e-95b0-098ea9d9db28","Chris","Godwin","87.7","139.6","60","WR41","WR","Tampa Bay Buccaneers",,
"8abc1bed-0838-40ba-8959-45444bf778a5","e2cd6f1b-7ee3-4cb8-b12c-f0242452b71c","RJ","Harvey","87.8","127.6","60","RB32","RB","Denver Broncos",,
"01220bfd-6610-4092-8c91-df5780313d9d","df2846af-31b4-4939-b773-8b58def0fc58","Sam","LaPorta","88.6","158.5","59","TE6","TE","Detroit Lions",,
"fbe947d5-246f-4e65-9c82-fe7480240b81","7a4958a8-b5af-4294-80c2-ab6131d8c29f","Blake","Corum","90.2","129.8","59","RB33","RB","Los Angeles Rams",,
"cf099f63-ced6-4321-9a10-2b3ef7692315","32029f87-893b-4c4b-b664-80ab8fcea2fd","Jordan","Addison","90.2","141.7","59","WR42","WR","Minnesota Vikings",,
"4aed4cc8-9362-4dd7-a829-1b2d891c445a","a8772039-c773-4703-81b5-ea71e53c56f5","Alec","Pierce","90.9","150.9","58","WR43","WR","Indianapolis Colts",,
"9e061e7d-b8a9-4457-903c-59e107eaea12","0169a966-cf5f-4e6e-8b03-1583650fd6ae","Michael","Wilson","91.7","136.5","58","WR44","WR","Arizona Cardinals",,
"942801d0-c4ad-4d2b-b971-34cc675ed8f8","a98ff9f4-f919-47e4-9f24-40c36ca9d537","Chuba","Hubbard","94.9","150.4","57","RB34","RB","Carolina Panthers",,
"f2a26eb3-26f1-4b6a-ae58-42c5ea9341e8","5c1011d7-af2e-452b-9a72-693329dbcc24","J.K.","Dobbins","96.7","147.2","56","RB35","RB","Denver Broncos",,
"8a17ba41-08bf-455e-852c-e5f9776021af","f1766f00-503b-4b13-a5d1-cd4347423121","Patrick","Mahomes","97.2","288.7","55","QB11","QB","Kansas City Chiefs",,
"a7519d55-5b58-4b16-a1ca-dce4c21ab284","673b7bbe-a111-4948-96ba-bb8e069df441","Kyle","Monangai","98.5","145.1","55","RB36","RB","Chicago Bears",,
"9ecd93f6-17dd-447b-96b7-8d54ca4ca886","6d848109-6d69-4474-9ab3-76c7f64bafa0","Michael","Pittman Jr.","99.4","136.4","54","WR45","WR","Pittsburgh Steelers",,
"9b619115-cbc1-481f-869a-afb01b859710","f901957e-6443-46ef-a031-d5e2b7cd0edd","Jaxson","Dart","101.2","300.5","54","QB12","QB","New York Giants",,
"4efc8624-dc36-4242-b1cb-0cc6d3862174","25ea41e7-0529-48c6-ba65-7648bb7f9ed2","Stefon","Diggs","101.6","108.0","53","WR46","WR","Washington Commanders",,
"a732f00b-cb01-4c0d-8b64-6d8b605bf45f","3cf29d08-26b6-410a-bd8c-f229a5bae324","Brock","Purdy","101.7","305.2","53","QB13","QB","San Francisco 49ers",,
"77e88416-ec46-49cf-9997-ee83acddb499","92fba03a-0598-40a5-90f3-533d03a7bc8e","Harold","Fannin","102.0","143.4","53","TE7","TE","Cleveland Browns",,
"11fab77a-8096-44ac-a426-6b8c9fddc723","2e423f4b-b5a8-4564-bd49-8e4295a94364","Kyle","Pitts","102.7","138.6","53","TE8","TE","Atlanta Falcons",,
"b079ce97-bdb3-4e94-b739-e7ba71472c39","54fa09dc-30db-4625-9a36-95f59589e4a9","Jordan","Mason","103.0","145.7","53","RB37","RB","Minnesota Vikings",,
"609c7ac6-7a6a-49e2-bc37-6ad755dc8513","ed71a3ff-5dc7-4be6-8ab7-c1a537f0154a","Xavier","Worthy","104.8","136.0","52","WR47","WR","Kansas City Chiefs",,
"3eabec6e-44d1-4e00-b975-7981b019494e","24f08af9-cb88-4d00-a1c6-97e4f70f4900","Matthew","Golden","104.9","141.1","52","WR48","WR","Green Bay Packers",,
"897642f1-74d8-4cf7-8a33-7fbcbd48d248","395374cd-d5aa-4dff-ba55-e5d6921c96b9","Bo","Nix","107.2","299.7","51","QB14","QB","Denver Broncos",,
"d18a8c9c-dc6a-4ed2-af27-a631c40f0cb2","7fb56078-28d6-4b57-bd5a-866abdaed3dc","Jacory","Croskey-Merritt","108.1","120.4","50","RB38","RB","Washington Commanders",,
"be568056-c66d-40fb-8c19-3185c357ced5","36ffcc88-5ca1-4b0e-9f02-028b5ba24be0","Matthew","Stafford","108.5","280.2","50","QB15","QB","Los Angeles Rams",,
"d83ad27b-1a9b-49ac-984e-49453f424c9f","229b2cf7-ca6c-4394-b7f8-27883fb8abb7","Kenny","Gainwell","109.6","130.8","50","RB39","RB","Tampa Bay Buccaneers",,
"1a21a150-0d38-4c37-a228-a81f61b16211","f725a2b2-1843-4ab5-aa2a-bf1380a923e6","Jared","Goff","110.6","285.5","49","QB16","QB","Detroit Lions",,
"48fe455e-166b-42f0-8c77-9b6a9d03d251","38cb1ed6-2217-4572-bf8c-d19ac47d0c84","Wan'Dale","Robinson","111.4","130.1","49","WR49","WR","Tennessee Titans",,
"2c318b1c-13a5-4722-a649-8d9c35a8f50e","ede3a669-4285-4d9f-b606-c2fe3979e90b","Kyler","Murray","113.4","269.2","48","QB17","QB","Minnesota Vikings",,
"dd0faf01-71b1-4348-8299-d0de3d50c0da","8827456d-da1d-4708-92c9-135d3d426795","George","Kittle","113.9","138.3","48","TE9","TE","San Francisco 49ers",,
"b1f2f8ae-4b05-4a35-b9fb-6f5a6853e2eb","9d84935b-84bc-465d-9e87-ae8f7af53963","Rachaad","White","114.0","113.1","48","RB40","RB","Washington Commanders",,
"0ceab1e0-16a3-42ce-9607-b5bdaf4697b2","d69c19b0-4c6f-448a-9690-27f4a4ed54f9","Jakobi","Meyers","115.0","137.3","47","WR50","WR","Jacksonville Jaguars",,
"1440721b-3ca6-406c-b87a-88e4ad494da5","67f1cafb-112d-4f4b-b491-b51b4ecd162a","Jordan","Love","116.1","282.5","47","QB18","QB","Green Bay Packers",,
"28528dbe-2b54-4e90-8daf-b40ff16f4fcb","8787ffdd-7fc0-4f90-9f40-c1ab2e7692fe","Romeo","Doubs","118.5","132.7","46","WR51","WR","New England Patriots",,
"0b41b52c-c6f3-43bd-a655-35023705d92e","74718924-044a-4783-b786-4ed943de66cb","KC","Concepcion","118.7","129.4","46","WR52","WR","Cleveland Browns",,
"c000c35b-ea8d-43de-9952-9814ce4eb887","973016cb-4a6c-4d97-af8d-4290ab80808b","Jayden","Higgins","121.0","136.9","44","WR53","WR","Houston Texans",,
"2a053c32-61bf-40b3-95b7-3ab291a52d72","4f5a3c90-9e4f-49b7-b126-a99d0eb90286","Baker","Mayfield","121.7","280.9","44","QB19","QB","Tampa Bay Buccaneers",,
"e2ea9022-a228-40b1-b668-5ac1fbe7e174","9ba8d5db-3aa3-4600-98f0-406a1e67bb22","Travis","Kelce","122.6","136.4","44","TE10","TE","Kansas City Chiefs",,
"58a9eb5e-0e5a-43e0-8a84-f29aaab96c0e","38a6f520-27a2-47ae-874d-9a987a118244","Dalton","Kincaid","123.6","130.6","43","TE11","TE","Buffalo Bills",,
"a8f22078-bf09-44cc-882f-b151b0f5d18d","1facaf38-e5d4-4318-b776-0eaf37e95321","Tyler","Shough","125.3","274.9","43","QB20","QB","New Orleans Saints",,
"d4cb3ff5-5305-4c85-a51d-fe7136b0d10f","59c11870-cdb6-4c4f-be1b-92d2fcb98c32","Isaiah","Likely","125.5","126.3","42","TE12","TE","New York Giants",,
"eb7d78fd-a58f-49f4-a5c6-6e75cf6903c0","daefbcd5-dfac-49ac-83d7-2a9e6ec03545","Aaron","Jones","126.7","122.1","42","RB41","RB","Minnesota Vikings",,
"a0dcb808-0e55-4c54-b3cb-7e7cf245840b","a22743b2-363b-43a2-b182-94cff9998b16","Chris","Rodriguez","126.8","127.0","42","RB42","RB","Jacksonville Jaguars",,
"7d7766b7-6c5c-4a3f-9d89-adda8940df3d","87a920c7-894f-465b-b39c-fe9d3cb6a9a2","Deebo","Samuel","127.5","94.0","41","WR54","WR","San Francisco 49ers",,
"77b3cf07-cf9b-4068-832f-4f787e7e7259","b7049f98-05b2-4dfe-8360-1fc8ec54e7ab","De'Zhaun","Stribling","127.7","105.4","41","WR55","WR","San Francisco 49ers",,
"03132f54-3982-4620-8495-c8fb6ec423f8","5a3633f7-36fb-425a-aaed-15fd24ecc5b0","Jalen","Coker","129.0","135.9","41","WR56","WR","Carolina Panthers",,
"db550ba6-f791-445d-a02c-65d4b8967c52","65f31977-db08-47a5-818f-ae5c9365bcfa","Mark","Andrews","130.7","132.5","40","TE13","TE","Baltimore Ravens",,
"5b54e335-28d1-4a11-bca1-3fe22ed959e3","5a6752f4-7751-4513-92bd-01a949d07495","Keaton","Mitchell","130.9","89.9","40","RB43","RB","Los Angeles Chargers",,
"a84c94e2-eaef-4db4-b83d-08c6c6156581","228a3bf6-f9f3-412c-afe0-5768c4d03c49","Khalil","Shakir","131.1","132.0","40","WR57","WR","Buffalo Bills",,
"e950f611-f934-488d-ad6a-3fac1c89a3f2","46128737-06bc-495b-8126-938ec626bec7","Rashid","Shaheed","133.6","117.6","39","WR58","WR","Seattle Seahawks",,
"9077a1e5-ae83-43f2-ad88-8e44df2d6f4d","43faacd4-c803-448e-a435-acb80a41e65c","Jake","Ferguson","133.8","126.8","39","TE14","TE","Dallas Cowboys",,
"9e29ed5f-9125-4b00-8da2-5d01f868aa5f","0c0803d6-711a-4685-9ac9-bf339950760c","Dallas","Goedert","135.0","109.5","38","TE15","TE","Philadelphia Eagles",,
"d2297be4-c288-4bc4-aad9-fd8e02646776","83f5497d-fa47-40e5-bb1d-95b79469d112","Malik","Willis","135.1","274.1","38","QB21","QB","Miami Dolphins",,
"8346d01a-e5c5-46c8-bb8d-90e142e9926c","4365f6e3-bcc9-483e-99ff-33911dca26bb","Tyrone","Tracy","136.3","102.8","37","RB44","RB","New York Giants",,
"5d942e20-efde-4e9b-b4be-8112da68037a","0e487aba-7a3e-4c33-a217-7b8214164f68","Denzel","Boston","140.2","119.0","36","WR59","WR","Cleveland Browns",,
"3f365df5-b74c-451c-a67d-e3ad460752aa","2deeea66-db9c-437b-b599-b02ef161300a","Woody","Marks","141.4","76.3","35","RB45","RB","Houston Texans",,
"233c11ab-0b40-42d2-9e1c-57b9df68969d","c6c27b0d-56e1-46e1-b6a0-33a47445b3e9","Sam","Darnold","142.2","266.7","35","QB22","QB","Seattle Seahawks",,
"9f843748-952c-4e26-b336-d35a73a18c2e","05b708b9-ec27-4b6c-a485-5b2994b1a5f3","Chig","Okonkwo","144.0","113.6","34","TE16","TE","Washington Commanders",,
"e08333f4-72da-4d6b-8a4a-7258093eda3c","59614625-f243-4cb9-8038-146619f12e70","C.J.","Stroud","145.7","242.2","33","QB23","QB","Houston Texans",,
"f9b4b51b-3d0e-47b6-bbc4-d73ed3340f82","5f726fce-7288-44e9-b9a0-a2cc3a0ed882","Daniel","Jones","147.2","227.5","32","QB24","QB","Indianapolis Colts",,
"38bdcde6-0f06-4c83-8e57-6a1d562e57b2","3c4ff83e-69d7-45f8-bee0-710b536c97bb","Jalen","Nailor","147.7","107.6","32","WR60","WR","Las Vegas Raiders",,
"0f66297e-c3ab-4840-9cea-c73def0f5ab4","59875f94-9884-4978-a233-7e86d9c5cfd6","Cam","Ward","147.9","233.8","32","QB25","QB","Tennessee Titans",,
"86e4ae73-0fb9-4cbe-a457-71f3f7ea2a22","a611865a-cebc-4504-9477-6b69484480b1","Travis","Hunter","147.9","79.1","32","WR61","WR","Jacksonville Jaguars",,
"f8a8ab57-e237-4732-830d-7e0d5edd2620","127d73f9-7548-4399-8b5d-7ed7ac9770f7","Brenton","Strange","149.0","129.5","32","TE17","TE","Jacksonville Jaguars",,
"9abe9b0f-ac15-496a-9fe6-8e2936d122c1","c45eb3b7-6eee-4d80-82d6-4aaec07940fc","Tyler","Allgeier","149.1","67.4","31","RB46","RB","Arizona Cardinals",,
"9ad5fbe4-e29b-4c36-a7cb-9309acf60abe","11ad3ad9-0bc5-44a1-9da5-0bebd7b3f841","Tank","Bigsby","151.1","63.2","31","RB47","RB","Philadelphia Eagles",,
"4d3349f4-94a4-4d53-bdcb-8d754c37a315","2f7ab04c-3b04-4874-be0e-2a7ea0c59788","Juwan","Johnson","152.0","109.6","30","TE18","TE","New Orleans Saints",,
"aa36686a-7005-49d2-8db8-2ccbe6e483e0","e016929c-04f5-4b22-955d-71008f06894e","Hunter","Henry","152.0","124.5","30","TE19","TE","New England Patriots",,
"e77fc2ba-9f10-418d-8133-14b993d3f59e","f2bbb3ca-c4ef-4da4-9075-49459af27f17","Jonah","Coleman","153.4","121.0","30","RB48","RB","Denver Broncos",,
"9b6b5dd5-bcdf-4155-aa42-9b6c948e851e","2362da81-1c77-4e2d-8931-0817d6e7ab96","Omar","Cooper","154.6","129.0","29","WR62","WR","New York Jets",,
"92537de5-d0be-45ec-b8ad-bf0ee3ddce60","5b2de9a5-923a-4dc8-9685-024e784b7856","Jalen","McMillan","155.5","105.4","29","WR63","WR","Tampa Bay Buccaneers",,
"5387ce75-723a-46f8-a393-b0bd2207291c","6d43b896-92a0-4ffd-8fe2-4a2ec2346e39","Tre","Tucker","156.8","91.8","28","WR64","WR","Las Vegas Raiders",,
"05a6881d-5311-49a0-be02-83b85e831b2b","e5aeabde-d364-4374-a15d-10016ac5740d","Tyjae","Spears","157.5","99.1","28","RB49","RB","Tennessee Titans",,
"eb6be1fa-c875-4300-87e2-7809671a5a00","099bec12-b139-461d-864a-fb167ed7302b","Zach","Charbonnet","159.5","63.7","27","RB50","RB","Seattle Seahawks",,
"d53f8a01-f0d6-441b-b85a-d69b2095642d","37bb3be4-4043-42ed-aad7-caf2a81cce4d","Tre'","Harris","160.8","93.4","26","WR65","WR","Los Angeles Chargers",,
"807899c2-41e6-4f82-9091-0d34be8ab610","189fd1e2-d3d5-49d1-a63b-4f8fcfbd3e77","Jauan","Jennings","161.2","110.0","26","WR66","WR","Minnesota Vikings",,
"d8e5727e-53e4-4983-80a8-d9348f58c050","73b6a0c7-2d10-4db6-920e-f0789a215f3c","MarShawn","Lloyd","161.4","48.3","26","RB51","RB","Green Bay Packers",,
"8f61d453-4928-4717-a57e-d8f8f21fa211","cc542526-a1a8-4945-9780-3b7228a62322","Alvin","Kamara","161.8","55.0","26","RB52","RB","New Orleans Saints",,
"84d2c2de-8b5a-41cd-a571-aa7aafcfbc06","827909b2-9448-4ba0-98e4-f38da30a3806","Bryce","Young","162.2","239.6","25","QB26","QB","Carolina Panthers",,
"e351f43e-e09b-4509-be8b-9bfa83d46ad7","5e0c67b2-cb4c-4383-a84b-bd80f174e9fe","Ryan","Flournoy","164.8","97.7","24","WR67","WR","Dallas Cowboys",,
"e7734d2c-72f2-49da-91b8-6d09036794be","0cfbf2b0-dfb3-4a9b-a0be-cf397faecd4e","Oronde","Gadsden","166.8","113.8","23","TE20","TE","Los Angeles Chargers",,
"5df1a513-165c-4a68-8430-397522553e27","7401f3d7-db5f-493d-8bcb-1624b703fa9c","Dontayvion","Wicks","167.7","57.4","23","WR68","WR","Philadelphia Eagles",,
"1a2115d5-cf2b-40f2-a512-e4d3fadc60e7","131ac51c-0a71-4843-980c-1772cc069a3c","Isiah","Pacheco","167.8","50.6","23","RB53","RB","Detroit Lions",,
"9fd3effd-2d57-43d1-9da9-118e0aa3689b","e861f743-837a-47dd-a2a9-de23d4e7e363","Dalton","Schultz","168.3","110.2","23","TE21","TE","Houston Texans",,
"7d34e47d-044c-4a44-90b4-d1ce54549cea","660a9e72-4fc7-442d-ba62-257dbab39568","T.J.","Hockenson","169.8","122.0","22","TE22","TE","Minnesota Vikings",,
"6b6c0fe5-926b-4c07-869e-932beca840ba","89dc23ee-f751-477d-84a7-f330711ee432","Adonai","Mitchell","170.8","80.8","21","WR69","WR","New York Jets",,
"fa3e4ba2-240b-47b4-a67c-6890f336991b","4f83f1e4-dec6-4a48-8f7f-645cd3aead25","Jaydon","Blue","170.8","41.4","21","RB54","RB","Dallas Cowboys",,
"625be843-9bf8-4602-9029-a88e52b084bd","c81a2399-eea5-4090-b0e8-c964eb7d5f13","Terrance","Ferguson","171.4","82.8","21","TE23","TE","Los Angeles Rams",,
"9ff86d7b-4419-4124-b7f7-45e95948cd07","b7cf7500-bfc8-4946-acfe-ee405028d729","Malik","Washington","173.6","82.2","20","WR70","WR","Miami Dolphins",,
"748b1bde-0acf-4e4d-bc1d-a634c3188c20","eb8ed468-74f8-4713-aac4-7280c3e3dbcf","Ja'Kobi","Lane","175.6","74.1","19","WR71","WR","Baltimore Ravens",,
"da4bbb87-fe7f-4d65-9cbe-c3085d2cbfc1","818c7c7e-8c31-4b4b-b204-6dac4097ddde","Dylan","Sampson","176.1","79.2","19","RB55","RB","Cleveland Browns",,
"97ac300b-1153-4a8d-ac58-47f85d74cd51","98f32b6f-5f4a-45d6-bc4e-88b81edc0850","Pat","Bryant","177.2","78.9","18","WR72","WR","Denver Broncos",,
"a59c3f47-ac4f-4bbc-8ea0-4b0afe04b9dc","03826128-13cd-4ea6-8b5f-911aa427db82","Kenyon","Sadiq","177.5","125.0","18","TE24","TE","New York Jets",,
"0c7ec0aa-bc36-49d5-a402-0cb26a244803","dd273516-3785-4d4f-a957-150461f787a0","AJ","Barner","177.7","113.4","18","TE25","TE","Seattle Seahawks",,
"8d520a36-2e8c-4bd3-84d3-29708cef21ab","2aa9b28a-eb13-43b2-a933-582d438d5d79","Isaac","TeSlaa","179.1","88.9","18","WR73","WR","Detroit Lions",,
"db9d8880-ccab-480e-8fa3-d0e1c1fe0297","8dd3a635-e761-4407-8f30-6b5f8a0b4867","Aaron","Rodgers","179.7","120.0","17","QB27","QB","Pittsburgh Steelers",,
"2b915546-701a-43ba-83b8-14b637feaff5","65a3b00f-0be9-4652-b7ce-d1d29816945d","Tank","Dell","179.8","57.4","17","WR74","WR","Houston Texans",,
"05501245-ba7a-4aaa-893b-f4478a2921fd","61237872-a193-4bb5-971e-495b5cf7147d","Cyrus","Allen","182.2","30.2","16","WR75","WR","Kansas City Chiefs",,
"76ded0dc-a456-4503-a04d-a4fb41aafbc8","c90b38e6-7442-4df2-9144-b01f0b127690","Zachariah","Branch","182.8","82.1","16","WR76","WR","Atlanta Falcons",,
"5a5bfcaa-e87c-4ace-8f2c-5c494dd7950e","fad2e7fb-57b1-41e7-9706-79f12bc3079a","Mike","Washington","184.7","121.0","15","RB56","RB","Las Vegas Raiders",,
"0b218e62-7871-4c50-99aa-7268ab5c5c28","ac512ae7-2edd-458d-9ae5-2b4eb949a3b6","Fernando","Mendoza","184.9","235.0","15","QB28","QB","Las Vegas Raiders",,
"bade36dc-92a4-4fa5-8238-c737fbceaeb4","6e4e0254-03c3-4541-9481-356b99453e96","Greg","Dulcich","184.9","87.4","15","TE26","TE","Miami Dolphins",,
"602683fa-4f9e-44ce-b92d-44dcca9ca2a4","63374c3e-26cc-4d22-a77a-e29b8f5b2f4a","Brian","Robinson","185.0","63.4","15","RB57","RB","Atlanta Falcons",,
"2367117b-16b7-45a4-970d-9ed4cf3f7e38","dfa3872f-0520-4e6e-bdb2-f5aa262ae1e8","Ray","Davis","187.9","60.6","14","RB58","RB","Buffalo Bills",,
"8b12012c-b9e9-40d8-bb16-f4d696bb150f","a1f12aed-71f4-48b3-b719-30631f9972b8","Gunnar","Helm","190.0","101.8","13","TE27","TE","Tennessee Titans",,
"d11c4534-5691-488e-910d-7707c6c12e44","0c2fb25a-641d-4a25-ab43-3d440da57be3","Geno","Smith","190.1","230.5","13","QB29","QB","New York Jets",,
"392cac47-00b2-4189-b006-58ebc14b23bf","6081005f-45de-474b-87a3-2b74cd21f9b9","Jerry","Jeudy","191.8","98.1","12","WR77","WR","Cleveland Browns",,
"268e4c6c-716d-467c-856a-1297e1c743cf","fd3dce46-3c38-4ad4-bfc1-b72fad7ef755","Cade","Otton","192.2","95.8","12","TE28","TE","Tampa Bay Buccaneers",,
"ef187a90-1a0c-46af-9775-ebaa0fbbc6d1","2977afd9-0a50-4190-bcb4-d26f0df7dc55","Pat","Freiermuth","194.3","102.9","11","TE29","TE","Pittsburgh Steelers",,
"2555530d-7eab-464c-94f3-15444cc81b0d","12955b39-c44d-41b4-8a6b-2c4990413acf","Caleb","Douglas","195.3","26.5","10","WR78","WR","Miami Dolphins",,
"52947412-4003-4b6b-9660-5a2aa4ca1bd7","76bcf23d-03fe-4a55-891a-7bdef70922bc","Calvin","Ridley","195.8","63.8","10","WR79","WR","Tennessee Titans",,
"00fa8a29-92e1-4a0f-b4d1-8fab945cfcd3","505405b8-19e0-4e74-9c0a-c29e5c8ae1bb","Jacoby","Brissett","197.2","166.0","9","QB30","QB","Arizona Cardinals",,
"3a013faa-4c46-49e8-bc5d-54d3a9803c1e","620f78f4-a38c-491d-9088-2a7b9e5dbbae","Sean","Tucker","198.1","50.5","9","RB59","RB","Tampa Bay Buccaneers",,
"ae5ffec8-ddb5-44de-bfbe-0ac08be1c2ae","04bce5b2-4670-430c-a46c-e8341cf4b773","Ted","Hurst","199.2","78.0","8","WR80","WR","Tampa Bay Buccaneers",,
"4f3c5505-9940-4dfc-bc57-603892bccb40","73389d1d-6289-4051-8380-4cf939e41562","Germie","Bernard","199.9","80.0","8","WR81","WR","Pittsburgh Steelers",,
"578083fd-28b7-4f25-9ab5-76dac063ab44","3c2cc03f-efb2-4906-83dc-29730d41a049","Kayshon","Boutte","200.0","79.1","8","WR82","WR","New England Patriots",,
"0c387d43-416a-4895-932c-6ffdf97ff68a","7212c057-c051-453d-a287-2c16dcd6781d","Rashod","Bateman","202.2","70.1","7","WR83","WR","Baltimore Ravens",,
"4a119663-b322-43a7-bfd3-19662f4e21b2","c6267b47-17a5-442b-8a98-f537bab7ebec","Kimani","Vidal","203.0","53.0","7","RB60","RB","Los Angeles Chargers",,
"892fedf8-412c-4307-bab0-2a04c33b1642","2794fcda-9cdf-4410-b9fc-35ec27259244","Nicholas","Singleton","204.4","81.0","6","RB61","RB","Tennessee Titans",,
"530624e0-707b-487a-a29e-3d8eb2f85166","b426553f-ac96-43b5-a608-8f9ae93fe3ae","Malachi","Fields","206.9","67.6","5","WR84","WR","New York Giants",,
"2a6806b0-2be1-47bc-9adc-84f7348bdf22","d74acd73-504a-4c9b-8aa6-fe602de560a8","Keenan","Allen","207.7","0.0","4","WR85","WR",,,
"088cc763-b559-43bc-a5fa-899f811452ff","d3bfa7f1-2be2-4bbb-8d13-c1a8010eeb9a","Tua","Tagovailoa","208.5","137.9","4","QB31","QB","Atlanta Falcons",,
"9e0fd3fb-73c5-4f37-b250-1b768168bbf1","f2740eb1-6ae5-4bbb-bb60-24d2fa0526ed","Antonio","Williams","209.5","61.2","4","WR86","WR","Washington Commanders",,
"d580ee61-2ae9-4765-8065-85a4dc403af3","da1f257c-ac6f-4146-988a-e0d417ac1cda","Mike","Gesicki","210.4","83.9","3","TE30","TE","Cincinnati Bengals",,
"c90c934c-9d10-4836-a138-d8ce1e2198d2","5abb3ca4-4a11-4f1c-8428-0b48b1b251fd","Braelon","Allen","210.4","47.2","3","RB62","RB","New York Jets",,
"2b4755db-65b8-4ebb-a6ac-dcc87d34c16b","5d7ad076-721d-457c-9ca8-fc7d101e8929","Kaelon","Black","210.5","39.3","3","RB63","RB","San Francisco 49ers",,
"dc7ac01a-208f-4915-b6c2-a7f2766b7e1d","c7d94033-423f-480f-99ca-c1565a50986e","Colby","Parkinson","210.8","61.8","3","TE31","TE","Los Angeles Rams",,
"dbe588a1-cdaf-458e-a0b4-daa450f19bbf","c5719ef0-3dcc-4740-84af-ef600d160bd9","Cooper","Kupp","211.0","70.4","3","WR87","WR","Seattle Seahawks",,
"f2a656e2-be14-4a3a-bf51-ac49ca042585","a843724e-65ce-429f-8ca8-0c3107a64c47","Darren","Waller","211.1","99.1","3","TE32","TE","Carolina Panthers",,
"58ef4b7e-c240-4470-8313-46a066fd93b9","ed20073d-5c60-415b-92b7-e50da2942e8e","Emmett","Johnson","211.1","61.0","3","RB64","RB","Kansas City Chiefs",,
"1862183c-6a0a-4cf9-b4ae-071c39cab7d1","b18ac210-a3e4-4785-8dd8-c712ac1d9819","Keon","Coleman","211.3","31.8","3","WR88","WR","Buffalo Bills",,
"ce461ae0-18b8-4c69-a198-2432c70bd0ea","70d65d13-9358-4c4b-ac00-117ce130ec9b","George","Holani","211.8","23.2","2","RB65","RB","Seattle Seahawks",,
"3e027734-95ef-495e-bb49-43caf28f632d","d016873c-23d2-4635-b85e-0c23dd393745","Kaytron","Allen","211.9","50.0","2","RB66","RB","Washington Commanders",,
"de7bde14-cf9f-4b06-98f4-8c52c41bf649","40fd7bdd-746a-4a5d-a68c-12981e24b28e","David","Njoku","212.0","75.0","2","TE33","TE","Los Angeles Chargers",,
"bcf68759-6db5-45da-b6d9-859dc7a3ba4e","274d03dc-35b3-4163-b7a7-1088b19b84cf","Darnell","Mooney","212.4","49.1","2","WR89","WR","New York Giants",,
"6ad094f1-6730-4225-872e-60def37f1efd","aff41efa-823a-4bf3-b4bc-4d197adf9e50","Evan","Engram","212.5","55.2","2","TE34","TE","Denver Broncos",,
"df9c6e16-ff33-446a-8c7c-7635a409155d","eb73db58-a2c6-4493-8ebc-d32ef72f00cd","Devaughn","Vele","212.9","83.0","2","WR90","WR","New Orleans Saints",,
"6687791c-ed7b-4d99-8a3a-a3b4b54e4324","51fa7a91-93c6-4aa5-bf9c-1347f419b995","Tyquan","Thornton","212.9","52.6","2","WR91","WR","Kansas City Chiefs",,
"87e7baef-4eb4-46ca-aac1-4df33d0f0ce5","6ad9ab0b-85ec-4e78-8a6d-b04322d04a84","Tory","Horton","213.5","76.5","2","WR92","WR","Seattle Seahawks",,
"ad69fd40-04a0-42d9-b8bc-b01b02910d5d","c30a3a40-ba8b-4a16-b425-a5665aa3c8d9","Justice","Hill","213.7","55.7","2","RB67","RB","Baltimore Ravens",,
"076cc44c-a1fc-4a68-9985-1ddd4875623a","9d7702cf-633a-4956-a171-67db1e9d74a1","Charlie","Kolar","213.8","30.4","2","TE35","TE","Los Angeles Chargers",,
"5c1416ec-0b1b-47d6-ad15-6dc75e170caf","c4c49dad-3c20-410f-8c09-b21d391f8cee","Jordan","James","213.9","54.2","1","RB68","RB","San Francisco 49ers",,
"b3699351-6046-4cfa-9cce-3a881e504d07","2475b4f9-d810-400a-b463-41b80c7cbd23","Shedeur","Sanders","214.0","101.1","1","QB32","QB","Cleveland Browns",,
"1667e6e5-2d54-4f7c-80fc-94b400a81d5a","cb8bec1b-404b-4f9b-9838-4034dbc9f106","Demond","Claiborne","214.3","31.0","1","RB69","RB","Minnesota Vikings",,
"f78d35e4-b166-4fc2-8d37-90fe6c95d790","9ac7f561-3d24-45aa-9773-36387ae241e0","Chris","Bell","214.4","74.7","1","WR93","WR","Miami Dolphins",,
"42b49068-33a3-4f43-9e66-005433044a40","fe9a52e1-671b-41d1-b2ce-0a515dc65796","Michael","Mayer","214.4","63.8","1","TE36","TE","Las Vegas Raiders",,
"079e97f4-5056-4f9d-bc44-3f73957bab06","eb53171b-5140-4f97-b2d2-d93220a4235d","Carson","Beck","214.5","56.9","1","QB33","QB","Arizona Cardinals",,
"290c697a-95db-494a-9728-a1c3f90d4395","483cd6ba-5233-4bf9-b586-51b4a9524d49","Eli","Stowers","214.5","105.0","1","TE37","TE","Philadelphia Eagles",,
"32bdcf83-11aa-4fef-857a-88419965dbc2","ce5777ea-37e2-4dda-8cb7-1ea87881540d","Jack","Bech","214.5","71.7","1","WR94","WR","Las Vegas Raiders",,
"e7ceb8ee-3f04-41d2-ade4-c91891883414","b2355d99-f555-4e51-b303-911afe6de613","Troy","Franklin","214.7","70.6","1","WR95","WR","Denver Broncos",,
"a2a2da64-8443-4c7d-a1ce-835f30eca698","e266143f-5690-45c2-b860-b70553d2f014","Elijah","Sarratt","214.8","80.0","1","WR96","WR","Baltimore Ravens",,
"4b055bc7-6f2a-4ed2-8027-9e9d73a98adf","db99b2e0-ad8a-48a4-96cb-a7d5f4f57661","Kirk","Cousins","214.9","43.2","1","QB34","QB","Las Vegas Raiders",,
"016f6b17-5612-436b-adf1-c717873cb230","5156f6c4-c6f4-436b-8e99-c9a74919f4d0","James","Conner","214.9","53.7","1","RB70","RB","Arizona Cardinals",,
"54804a9a-55bd-48b9-8dd3-f4e073bf9460","2d216fff-284d-4e8b-be0d-466e8dac63ca","Eli","Raridon","215.0","26.0","1","TE38","TE","New England Patriots",,
"46c38053-1a51-43ee-8012-140463fe894e","7a6f8d16-b8c1-49bd-a548-424086c62564","Seth","McGowan","215.0","32.8","1","RB71","RB","Indianapolis Colts",,
"ec328230-8186-4309-8242-ca1e6c806e58","4520ab4c-d93f-4417-a936-b15379db288b","Deshaun","Watson","215.2","106.1","1","QB35","QB","Cleveland Browns",,
"96e67ed5-d19b-461e-bd32-6ab1bb7a7697","54854ab0-6688-41b5-9f5b-4c7bb6ea5b62","Samaje","Perine","215.2","51.6","1","RB72","RB","Cincinnati Bengals",,
"5d017d0c-0864-4cec-93d0-e5c68c76fca2","5c996508-9376-4649-a340-dca1b4325dac","Andrei","Iosivas","215.2","75.3","1","WR97","WR","Cincinnati Bengals",,
"f79bdcc1-2e5a-4717-95aa-d3a71e70e5a5","06b8ec36-1e24-493d-8a1b-f8c9d0b68b28","Jake","Tonges","215.3","55.8","1","TE39","TE","San Francisco 49ers",,
"24c187ac-e613-495f-9fd8-4befd4710517","da6fd68c-1e09-44b8-b4a9-43eefef7769a","Xavier","Legette","215.3","54.0","1","WR98","WR","Carolina Panthers",,
"a494d7c8-4c78-4055-9609-5ca71960b260","cee10b9d-7ede-4a61-abf6-cfff4b4e180e","Darnell","Washington","215.3","68.6","1","TE40","TE","Pittsburgh Steelers",,
"3cc10408-1eb5-42d7-ba02-acb14de1d788","210f4a16-ccbe-44eb-a85e-a36c74493f76","Jaylen","Wright","215.4","41.1","1","RB73","RB","Miami Dolphins",,
"16f0ce34-5e49-42fe-ab4f-02127a203252","84cf37a2-d9f9-4315-a56a-c003a186023d","Tyreek","Hill","215.4","88.0","1","WR99","WR",,,
"4a2d05c3-cb53-441f-b01f-869caa3d3db1","d51c264a-047a-4186-8242-bf22173d7880","Michael","Penix","215.5","110.4","1","QB36","QB","Atlanta Falcons",,
"13b2a45b-e31a-4bfd-b88d-a23adef97432","8420d79d-57f3-4296-90df-0edd9d78ab7b","Jaylin","Noel","215.5","67.4","1","WR100","WR","Houston Texans",,
"50f1348b-bf28-4822-86e8-89dd8d7e415e","24cb1ed2-c224-4bc8-9514-d9e809ffb803","LeQuint","Allen","215.5","47.2","1","RB74","RB","Jacksonville Jaguars",,
"81bb7937-f269-4ae1-a713-aba675d04c04","03b5560b-9a42-40c5-99db-d697c5ec7fa9","DeMario","Douglas","215.6","49.3","1","WR101","WR","New England Patriots",,
"903044f4-028a-4930-b027-80a8564afd17","d4876b19-e62c-4847-91e9-005b43213ee5","Mason","Taylor","215.6","76.4","1","TE41","TE","New York Jets",,
"8228dbe3-e9fb-422b-b2ed-499162f15ef0","17f8f4db-0b38-48ff-b9e3-a42af0fc3aa2","Christian","Kirk","215.6","36.9","1","WR102","WR","San Francisco 49ers",,
"2cb27cb4-b51e-4a38-8423-6d72866efedb","5b68c1ef-bfea-48c8-8f0e-907edf157946","Malik","Benson","215.6","0.0","1","WR102","WR","Las Vegas Raiders",,
"f6f9b72e-d783-4d76-b834-a216bd9ad4d0","74e3f97f-566e-4a21-ac82-f176da0b77df","Erick","All","215.7","0.0","1","TE42","TE","Cincinnati Bengals",,
"e64c7835-a044-4748-9840-2cd5ae669189","3268cb32-1bbf-46ec-9f83-516a7bb8d88d","Zavion","Thomas","215.7","47.2","1","WR104","WR","Chicago Bears",,
"5a937ca2-cb10-46cd-b7df-6d03e7a121b4","1ba2693b-2bf7-4192-a4d6-493485dccf19","Elijah","Arroyo","215.8","57.7","1","TE43","TE","Seattle Seahawks",,
"1bca686d-e264-4c60-9f2f-2c099315b414","35d179b2-7591-4942-b63c-fbeeb80bd415","Adam","Randall","215.8","26.1","1","RB75","RB","Baltimore Ravens",,
"ad50c6db-b65f-462d-a607-ea75895ed062","5b561cfb-843a-442a-8cb8-1953c3f7aaef","Jahan","Dotson","215.8","52.4","1","WR105","WR","Atlanta Falcons",,
"6f9a391e-7cce-49ac-aaa4-4e593c7dcd4a","a47dd560-6054-4631-a6f0-fee5ae1d3903","Elic","Ayomanor","215.8","46.7","1","WR105","WR","Tennessee Titans",,
"0ecb1a87-8244-449c-9532-043d0e7ef136","eaba77da-92c7-465f-93b1-be92b595a02b","Ollie","Gordon","215.8","21.7","1","RB76","RB","Miami Dolphins",,
"ca616ab1-5d70-4c8b-be61-0e064e31521f","175b1ba2-1909-4dd9-be0f-5bd84b210a60","Skyler","Bell","215.8","76.2","1","WR107","WR","Buffalo Bills",,
"34c157be-724a-4c32-a9d9-a67147595565","0869b87c-9a45-4bc7-a236-0e3598c32e73","Emari","Demercado","215.8","32.3","1","RB77","RB","Kansas City Chiefs",,
"ee61b327-de07-483b-b872-eb251e6c2613","a1ea32e0-20dd-4aa7-9c09-71bc74924a91","Darius","Slayton","215.8","72.6","1","WR108","WR","New York Giants",,
"fc7b0083-b914-4355-b7da-9b914f2c25fc","1cdc8a84-3a59-46aa-b43f-c7e84768099b","Theo","Johnson","215.8","61.5","1","TE44","TE","New York Giants",,
"7dc31508-0db1-42b9-b2da-7cc6226ef122","146258da-2441-4e3b-a1fe-6ef9c566806e","Joshua","Palmer","215.8","26.6","1","WR109","WR","Buffalo Bills",,
"4e8e072d-6099-489b-a97f-a1e75f2cf1ab","93c47d61-ed85-444e-82ce-ae7e28dbea3e","Dawson","Knox","215.9","62.4","1","TE45","TE","Buffalo Bills",,
"29d13ef4-debe-47ec-97ae-0fc2d7f4ed03","4df49d8f-f0b9-4b5e-9637-351c25cb296d","Roman","Wilson","215.9","22.3","1","WR110","WR","Pittsburgh Steelers",,
"2b871099-7200-47fb-9150-5be9a139721c","6583b5d9-cc0f-4393-9801-4dd6e747b4c0","Jahdae","Walker","215.9","21.4","1","WR110","WR","Chicago Bears",,
"d880f724-0897-4914-969b-af6a01eb4ac7","ea548612-2932-44bb-b77f-f340cf23c896","Brenen","Thompson","215.9","32.0","1","WR112","WR","Los Angeles Chargers",,
"ff73b868-18dc-4dc0-aa07-30bf79323218","64aa98a7-b359-4597-84f7-affa2d6dc720","Jalen","Tolbert","215.9","27.7","1","WR112","WR","Miami Dolphins",,
"c6997cdf-ca0f-4868-b272-566f4225afd0","aacacd01-0896-4871-bc82-ca629e458735","Colbie","Young","215.9","25.5","1","WR114","WR","Cincinnati Bengals",,
"8771bebe-123d-47eb-8226-57f585e4202c","18d5e027-fefe-4ed9-bcfc-da8cb61c01b1","Chimere","Dike","215.9","72.4","1","WR115","WR","Tennessee Titans",,
"0fd06655-ece8-4168-a588-f8fd5cb4410b","7202445c-cbea-4c42-a6c0-a5f498e2ff06","Cole","Kmet","215.9","62.7","1","TE46","TE","Chicago Bears",,
"37821dcf-6643-47a1-8168-6ee650e7624f","47af340c-9b41-460c-b622-578bd23fe354","Bryce","Lance","215.9","31.2","1","WR115","WR","New Orleans Saints",,
"b539a1b1-48ed-4294-a02c-e24e7b558f07","a26b9a09-612b-4ca2-8fe3-70a1c56c4131","Odell","Beckham Jr.","215.9","23.0","1","WR115","WR","New York Giants",,
"9431a971-42d8-4e26-9957-06ad738b37f9","031e196b-ce1a-4890-93ad-2a7cefedfe5d","Marvin","Mims Jr.","215.9","58.4","1","WR118","WR","Denver Broncos",,
"2222c364-2769-435e-8f83-1d492b9b896a","72f7bc71-cd75-46b7-a250-ae75e1323862","Barion","Brown","215.9","26.0","1","WR118","WR","New Orleans Saints",,
"e1ab7ce2-99e4-4b80-ba12-c0d88f14a73b","af156259-1bbb-4d40-97f1-5dbd14fa7006","Kalif","Raymond","215.9","23.2","1","WR118","WR","Chicago Bears",,
"97fa3851-1235-4e1a-b3bd-b5f2cadf830e","e869931d-488d-4a8d-908c-b89e8d83a4e9","Isaiah","Bond","215.9","58.8","1","WR121","WR","Cleveland Browns",,
"6d395b73-b5be-494d-83e5-7b8b73bda0b8","6e7a3b66-27e6-4eb1-87c4-731522d32ef6","Brandon","Aiyuk","215.9","41.6","1","WR121","WR","San Francisco 49ers",,
"2fc9683e-305e-4f34-b1d9-33a6b3c711f1","d2efdcd7-bb41-41c7-bcb6-416029b646bc","Trevor","Etienne","215.9","28.6","1","RB78","RB","Carolina Panthers",,
"9a32dd2e-70c2-4179-9efd-abf7dddb250f","9a5008b9-2fe9-4477-8590-2205f82a337c","KaVontae","Turpin","215.9","63.0","1","WR123","WR","Dallas Cowboys",,
"f534e711-7613-4464-9570-3f2171bac825","35d8246e-40f3-4465-a67d-f09b6d29f466","Demarcus","Robinson","215.9","31.1","1","WR123","WR","San Francisco 49ers",,
"353101c8-d87d-41f3-b7aa-b94168704543","ca7ee3ec-0a3e-431d-8adb-3ed3889433eb","Savion","Williams","215.9","27.0","1","WR123","WR","Green Bay Packers",,
"fbe451ad-bed1-4178-8e18-c9c24baf1791","44372baf-afb3-40ea-821c-278a73211585","Drew","Allar","215.9","24.0","1","QB37","QB","Pittsburgh Steelers",,
"647debe3-1f5b-41a9-bb4b-2814a7b24faf","6cd5bf09-3b66-4640-87e4-e532c0c7b175","Malik","Davis","215.9","30.7","1","RB79","RB","Dallas Cowboys",,
"fd58ddcc-8f81-4922-bbbf-3d3fe82e687b","2af626f5-ea50-41c5-a7ce-5aabdbb97d60","DJ","Giddens","215.9","27.0","1","RB79","RB","Indianapolis Colts",,
"a8e0f2e8-37eb-42cf-bcb1-36a84684b0a6","06c716c4-808a-4e8a-9630-a379315ef34d","Kendrick","Bourne","215.9","57.3","1","WR126","WR","Arizona Cardinals",,
"3f6dd9e5-b0ac-46bc-bbc5-c6ce3f046a19","556a7c29-a17d-4660-a21a-8d9406502fe1","Emanuel","Wilson","215.9","51.0","1","RB81","RB","Seattle Seahawks",,
"320e51af-3953-41b7-b7e1-a4dda7fa3053","a6a4c9bd-0043-48c6-9237-0987eb2a8b47","Greg","Dortch","215.9","22.7","1","WR126","WR","Detroit Lions",,
"b156995d-cb51-4900-a401-37faa5ad2c2c","016d0649-5857-4d34-813f-2dc48d75699a","Darius","Cooper","215.9","5.2","1","WR126","WR","Philadelphia Eagles",,
"7a4c8cfd-b266-4f28-aa2f-cc61b4e9f6bc","9a022432-a418-48f5-9473-f4af24814bbc","Kareem","Hunt","215.9","0.0","1","RB81","RB",,,
"ae3a35f7-dd56-4915-9dd6-d4b94c9e3b2e","047d564e-8993-4473-b72c-ab8ecbb1fdbd","Najee","Harris","215.9","0.0","1","RB81","RB",,,
"2fbbfb58-d145-4c4d-a191-94da934aeb97","824a3936-fc27-4f96-8c56-7adc402a5509","Hollywood","Brown","216.0","55.0","1","WR129","WR","Philadelphia Eagles",,
"27ddd6aa-fac1-4c95-9d5d-31d471606308","b051fda9-3b0a-4535-8831-555fd2e0172a","Ty","Johnson","216.0","47.3","1","RB84","RB","Buffalo Bills",,
"6dd8c89b-1f3e-4d7e-8826-a69ebd7e69fc","c19265ce-22ad-442a-9fa1-57e77f739cc5","Tez","Johnson","216.0","31.4","1","WR129","WR","Tampa Bay Buccaneers",,
"e88a3317-22cb-4c8c-8d97-f908e30deb52","5f62b3b1-6f8b-4f71-8a23-e4c9df9ddec1","Oscar","Delp","216.0","30.9","1","TE47","TE","New Orleans Saints",,
"dea7fe9a-ba48-409d-ba7c-370c9b899d5f","360552c2-774e-4ebe-8f1c-a33d5bdb3365","Joe","Flacco","216.0","28.7","1","QB38","QB","Cincinnati Bengals",,
"ab83aafa-2eb9-4896-b4ce-1384d4e16b93","1f64ef3a-a455-4fd5-8978-c1d15e34b133","Kyle","Williams","216.0","26.2","1","WR129","WR","New England Patriots",,
"3cc305e4-6114-4008-b96f-4bf57eab5cf5","e10364c6-ebf2-41a2-a2b0-cbc100ab15f4","Matt","Hibner","216.0","25.3","1","TE47","TE","Baltimore Ravens",,
"405149d0-9ebf-4dfd-b41e-cc37f6e429e1","e9c2c7c2-1571-4540-af04-68952b3cee6d","Jordan","Whittington","216.0","19.3","1","WR129","WR","Los Angeles Rams",,
"02dccdb4-7ecd-4ee5-9fd8-1531213ce3c6","3b52bb3e-e968-4cee-a97d-940152a485c6","Chris","Brooks","216.0","49.3","1","RB85","RB","Green Bay Packers",,
"0570fd0a-98b4-4f6b-984d-c49e861a58c2","d91fab35-c660-4340-be36-6300bce92d69","Justin","Fields","216.0","36.7","1","QB39","QB","Kansas City Chiefs",,
"db884ed1-7571-4721-9159-c6a4ec52cac8","338badf3-8cae-450f-8b29-1f5592890e1f","CJ","Daniels","216.0","31.8","1","WR133","WR","Los Angeles Rams",,
"711a0f82-0569-4f0e-8bdb-a17f504946da","dfb6a448-33eb-4fb4-aaf8-8e9f29e36039","Tutu","Atwell","216.0","28.2","1","WR133","WR","Miami Dolphins",,
"03380133-3eff-44d7-bd45-ce43ea815915","97d06b85-f888-4e2b-8c56-ef35e7a58b1c","Tahj","Brooks","216.0","22.9","1","RB85","RB","Cincinnati Bengals",,
"682dc86b-6b08-4733-96e9-b5fc852043ff","153696a9-1fbb-4205-b382-2813daac42df","Nick","Westbrook-Ikhine","216.0","22.2","1","WR133","WR","Indianapolis Colts",,
"71b6f420-356b-4054-9346-1996e132c5f9","22b7ee23-cb3a-4d47-af90-a369c693e934","Anthony","Richardson","216.0","21.3","1","QB39","QB","Indianapolis Colts",,
"63fa6d80-e0c5-48cd-89b0-ddd6addad34e","cc2d5397-aa26-4ca6-956c-7f5816a1671d","J.J.","McCarthy","216.0","19.6","1","QB39","QB","Minnesota Vikings",,
"b2f0b4fc-2bbb-424e-a07f-a2d4b9e15e34","dc5c1cb0-debb-4aed-93ca-97a348af5a88","Brashard","Smith","216.0","17.9","1","RB85","RB","Kansas City Chiefs",,
"8ad82804-a6bb-4e83-992d-747a78569de0","d08ae502-5d51-4e6e-973a-141b41628e46","Jalen","Milroe","216.0","13.9","1","QB39","QB","Seattle Seahawks",,
"285ff4fa-4e29-4999-a921-e5857c5080cf","73e7723b-4093-4d52-b4c6-d075e33207c9","Devontez","Walker","216.0","9.7","1","WR133","WR","Baltimore Ravens",,
"845c0cd8-1185-4e7f-bbc4-17e78c0fb9ef","97d5e177-0771-41e4-abb7-efcf71b568aa","Phil","Mafah","216.0","5.7","1","RB85","RB","Dallas Cowboys",,
"54bd8952-2a9f-44e4-9c6e-4fcc0fe65c8e","10a4ea60-c8e3-4e3f-b407-3636348067a1","Ashton","Dulin","216.0","2.5","1","WR133","WR","Indianapolis Colts",,
"372b8d07-6909-4922-9cda-257d7363532c","e936e39d-5930-4dcf-9b74-dd9547e7da5f","Khalil","Herbert","216.0","0.0","1","RB85","RB","San Francisco 49ers",,
"c785b832-0470-4881-8dfa-ffe157694241","e6ea81a9-a676-4a48-bcbc-2b97cde9e29a","John","Metchie III","216.0","38.8","1","WR138","WR","Carolina Panthers",,
"a85c478a-9b4e-4079-ac0c-7b95ce69ecae","1619382f-6558-436e-8085-45e38c4ba308","J'Mari","Taylor","216.0","28.2","1","RB90","RB","Jacksonville Jaguars",,
"acbe9777-f6b2-42b0-8dfd-e8b01c1955d1","fc901d7a-b7d6-45cb-9b1a-82af2a920719","Jimmy","Horn","216.0","25.2","1","WR138","WR","Carolina Panthers",,
"6edad0bd-a7f3-427f-ad20-9d09cdd6fe65","251167b7-c979-4c25-8634-e0850e90409c","Cade","Klubnik","216.0","24.0","1","QB43","QB","New York Jets",,
"7d12b326-40f2-4a10-94a6-428e4590d235","1fc78600-62ae-4e73-bd4d-5888d5471eab","Marlin","Klein","216.0","23.5","1","TE49","TE","Houston Texans",,
"aeaa0f06-0432-4f90-8b0b-58b1cff5e1a0","a2f6d787-e95e-4674-9cbd-9e68b8bf2140","Jack","Strand","216.0","0.0","1","QB43","QB","Atlanta Falcons",,
"46d308d9-ef06-4d32-8cec-e9a5c5d9aa74","46379f8d-f661-48e1-9569-07cbb1441ae0","Robert","Henry","216.0","0.0","1","RB90","RB","Washington Commanders",,
"541d32b3-7428-406c-9c4f-19b0487bf92c","6328d647-7cbf-4947-8a78-b7a62284baa3","Nick","Chubb","216.0","0.0","1","RB90","RB","Houston Texans",,
"a45bcf8f-c281-4efb-9114-62e078297bb8","53abb812-7fc9-49d8-b26d-c46d9254e7e0","Isaiah","Davis","216.0","54.0","1","RB93","RB","New York Jets",,
"35a464cc-a50d-4923-a77d-18638d55cae3","63e60cc6-a2c2-40dd-93ab-72e0faac9083","Mack","Hollins","216.0","49.4","1","WR140","WR","New England Patriots",,
"91d9b2f2-d819-4399-b361-a55d6f47b969","60875711-004e-44b6-b5e6-b8e023b2ed63","Noah","Gray","216.0","47.1","1","TE50","TE","Kansas City Chiefs",,
"9e089549-9550-4e1e-9a2b-563a2d97617c","db3719e9-05e4-4794-bbb9-21536c06cd9f","Justin","Joly","216.0","46.5","1","TE50","TE","Denver Broncos",,
"a3f7b879-7675-42f6-a950-2d2ea2580a58","310f6ab2-d104-47b0-aeec-4cfb8660c5fb","Jalen","Royals","216.0","32.7","1","WR140","WR","Kansas City Chiefs",,
"5ed83400-1f53-4281-8e26-add34de68fcb","9488ee95-2552-4114-9b74-adf434dc6b7b","Kaleb","Johnson","216.0","29.5","1","RB93","RB","Pittsburgh Steelers",,
"45ba2a55-8a6d-4885-adcd-1136ca801fc7","80be2bb3-d0f1-414c-bedb-9f17befcae71","Noah","Fant","216.0","29.1","1","TE50","TE","New Orleans Saints",,
"3dea7062-fa54-4cdd-bd31-acf6d05040f6","97ee986e-2744-43fe-8fb2-7e787b0ad1a9","Treylon","Burks","216.0","28.8","1","WR140","WR","Washington Commanders",,
"d273151b-35de-4de6-b581-ff633d484849","ac9f0cd0-ddc3-40a2-bf05-bd919e0630d3","JuJu","Smith-Schuster","216.0","25.6","1","WR140","WR","New York Giants",,
"7c9b998b-ec22-4f11-b6d1-fdd983d63201","df8225e2-d641-4d0b-823f-f9090ea21292","Tyson","Bagent","216.0","12.5","1","QB45","QB","Chicago Bears",,
"21a8a12a-b349-4462-8236-47342d6f8e8a","449325dc-11c8-4792-9da3-bea5d9df0b57","Kaden","Wetjen","216.0","3.2","1","WR140","WR","Pittsburgh Steelers",,
"15743c67-25c6-49f6-93e4-d40fbabc7c70","eae87370-22b6-4dc4-a026-27305b132c61","Treyton","Welch","216.0","0.0","1","TE50","TE","New Orleans Saints",,
"9c51d4c7-1196-4597-97bb-b3b6b9e2c2d2","086e6ffa-de72-4937-9046-9d89c7830ed3","Nathan","Carter","216.0","0.0","1","RB93","RB","Atlanta Falcons",,
"d76e16c6-de2e-4799-ae74-aa379b4505bc","b181f433-8f54-47cb-9bfd-d0ccbd906704","Theo","Wease","216.0","55.1","1","WR145","WR","Miami Dolphins",,
"284da6e8-d46c-4274-9b40-3c7ceabaa441","90afc2b7-44f3-4865-ae3f-2995a09e923d","Max","Klare","216.0","45.1","1","TE54","TE","Los Angeles Rams",,
"3ccb2d52-6777-4b08-84dc-6a0cac7cfb2f","50c1e9a5-e212-4cba-ac23-d8c8084a6b2b","Calvin","Austin III","216.0","35.4","1","WR145","WR","New York Giants",,
"2e69e4ee-2cb3-41af-bcca-62ad234d5090","fc34d072-b799-4255-bc77-c0ad61ba773d","Konata","Mumpfield","216.0","33.7","1","WR145","WR","Los Angeles Rams",,
"6c5101ff-2482-4587-8500-cdcadaa504f6","841390bd-c51e-4068-9ca8-483af19d22cf","Jaylin","Lane","216.0","30.7","1","WR145","WR","Washington Commanders",,
"95c56271-a7c4-4129-822f-52ec640eec51","1a5c43e1-6534-43f5-9c5f-29915ccb236c","KeAndre","Lambert-Smith","216.0","29.0","1","WR145","WR","Los Angeles Chargers",,
"41b97880-ee22-44f4-b41f-3ae38bc750e6","dd91cacf-e0a3-4032-9efc-7bc59b150c96","Mac","Jones","216.0","28.7","1","QB46","QB","San Francisco 49ers",,
"89495f48-d9f2-4585-83ad-9eecb89dadf6","f03c4ce7-ce1d-4ebe-aa83-333226706eca","Trey","Benson","216.0","27.7","1","RB96","RB","Arizona Cardinals",,
"865d3c64-2240-4ac5-bf5c-be0d8d7d5edc","7fe3c9fd-a76a-4f68-9bc2-97f539b92e0a","Isaiah","Williams","216.0","27.3","1","WR145","WR","New York Jets",,
"24c1ee61-5bbe-43c0-9512-2a1c9ba741a4","9bac385a-16a2-469d-adf8-1b1192547421","Xavier","Hutchinson","216.0","26.5","1","WR145","WR","Houston Texans",,
"6280bdd3-6dc8-4214-8279-1f71c47e7fde","b88b6f62-94c2-4dc8-b170-7c8ed09f979d","Sam","Roush","216.0","26.5","1","TE54","TE","Chicago Bears",,
"421b7d24-4335-43f1-a00e-000cca1ec877","e618420d-cd19-4717-9e36-d8154d3d8525","Tanner","Koziol","216.0","25.8","1","TE54","TE","Jacksonville Jaguars",,
"f09f8ce4-e384-4263-9781-3445671e00bd","41fef058-6c30-47d1-8aea-93ba62a28714","Josh","Oliver","216.0","24.9","1","TE54","TE","Minnesota Vikings",,
"70bd76a9-be66-452f-8f36-63a433337f64","38917e20-0ef1-401e-89ee-c42ca307cc3a","Brevyn","Spann-Ford","216.0","23.4","1","TE54","TE","Dallas Cowboys",,
"a45978fe-94c6-4b77-bc88-fc56ca1fdcc7","97457ab9-3881-4a1d-8874-a3bac4b9f1aa","Ben","Sinnott","216.0","22.0","1","TE54","TE","Washington Commanders",,
"7b05e870-e29a-4cdd-acaa-db7e3dc8e716","79320ee3-7596-461c-8080-118ecf7cba77","Ja'Tavion","Sanders","216.0","19.9","1","TE54","TE","Carolina Panthers",,
"43632f2f-dbac-4636-b472-7def9a77dee7","f9ab7c50-5ada-4c0f-bb41-2452e8ccec80","Kyle","Juszczyk","216.0","14.4","1","RB96","RB","San Francisco 49ers",,
"abedab15-9ac8-4770-a5ad-2918a795aadc","74f06d39-483d-42ba-b7df-d1612602ac66","Ty","Simpson","216.0","13.6","1","QB46","QB","Los Angeles Rams",,
"b9c014ce-33ba-4226-9b34-63cf2a6fbec5","ad13bb4d-2b58-4eb2-b914-c38cebcc21ec","Jameis","Winston","216.0","12.9","1","QB46","QB","New York Giants",,
"a3984671-8b17-4d47-844f-fa7c3a0e5476","a9cb4689-5707-40ca-9200-c8c4238c8636","Devin","Singletary","216.0","9.8","1","RB96","RB","New York Giants",,
"c8ed35a6-1e8c-48d2-a8eb-cdf6abb3cf54","93254131-3f06-4154-b209-c6aaac760355","Luke","McCaffrey","216.0","7.3","1","WR145","WR","Washington Commanders",,
"4105fa81-4ff4-4f04-976c-8ee74d940006","0539dc1b-a6cc-42d1-af41-3ece95e7c4f3","Jalen","Brooks","216.0","5.0","1","WR145","WR","Arizona Cardinals",,
"9dbcd9d0-46a0-4560-9ced-686684cf0c2e","8af14b29-44c9-4df5-a6b3-2ecfbfbc5fdc","Kendre","Miller","216.0","4.6","1","RB96","RB","New Orleans Saints",,
"fcec8639-74b9-4263-a788-59ea9a903814","f1ed70fe-3773-4400-b9ee-5b668ff679ea","Zamir","White","216.0","4.1","1","RB96","RB","San Francisco 49ers",,
"f9ed3e1f-0d74-4963-b3b6-d72c35411ef7","d151802e-d9d3-4a79-ba11-e50f25fcf6f8","Sione","Vaki","216.0","3.0","1","RB96","RB","Detroit Lions",,
"6ae5b7bf-75ef-466e-a58a-eaadac5995c9","843ffb53-0feb-4432-981b-f3b483d08106","Jacob","Cowing","216.0","1.2","1","WR145","WR","San Francisco 49ers",,
"4fca0386-267e-43a5-9a96-73e7333931c4","ac966563-1e1b-40c0-81fb-2d57f58329f0","AJ","Dillon","216.0","0.0","1","RB96","RB","Carolina Panthers",,
"7d88f4ff-9db9-49d6-93f2-2c97a81b05bf","5750c050-2514-489d-890d-5e8484e5a078","Roschon","Johnson","216.0","0.0","1","RB96","RB","Chicago Bears",,
"8005b82f-ef2a-4b26-99e0-1f9866e83a7f","7e6000de-0a9b-4d12-862b-5194ce6d526c","Austin","Ekeler","216.0","0.0","1","RB96","RB",,,
"d2335ce7-623b-45c5-b268-90c74f4283d8","a21fdcf8-d3d0-4e1f-802e-e540e78308ca","Rocky","Lombardi","216.0","0.0","1","QB46","QB",,,
"eef52373-f0a7-43ec-9f93-72be2e59276f","3b36bbea-8f94-4aaa-ac28-c3210e5c48a8","Haynes","King","216.0","0.0","1","QB46","QB","Carolina Panthers",,
"5eedd5bc-cda8-4e37-a965-c34f9ffab28f","64008c21-878e-4bf9-8780-1031be9d89fb","Taysom","Hill","216.0","0.0","1","TE54","TE",,,
"fb99f75d-2118-4c1b-a468-59a0b44e805b","c666cd08-5d54-4d91-b50d-eb84a7e70c97","Eli","Heidenreich","216.0","0.0","1","RB96","RB","Pittsburgh Steelers",,
"9c0a23d8-b2c0-4b5f-b348-70cd1e1d6669","d8c4bb3c-9908-4fa5-8ece-b0afde6f2bcd","Chris","Brazzell","216.0","70.0","1","WR155","WR","Carolina Panthers",,
"ec45061e-52b5-444a-ac66-63b2623b9bd2","99915e61-05a3-420b-9414-4b7cc5dec39a","Olamide","Zaccheaus","216.0","60.8","1","WR155","WR","Atlanta Falcons",,
"cdb450e7-4757-4152-9d05-59fc350fef0e","18eda942-efb4-4a9a-916a-ca718e01e315","Will","Kacmarek","216.0","49.1","1","TE62","TE","Miami Dolphins",,
"6f888057-9c06-42e5-ab1b-292009002fc1","5a177f4c-a65e-418d-83ff-d1ad01527116","Jack","Endries","216.0","42.8","1","TE62","TE","Cincinnati Bengals",,
"e16eb90f-eecc-44ec-bf0a-df384023016e","c35b6964-a0c4-48c2-9d0d-24bcc1faf218","Rasheen","Ali","216.0","32.7","1","RB106","RB","Baltimore Ravens",,
"957869b8-7123-48ff-a4a3-d000bb1bd029","cae68b99-a9fb-4c87-afb5-7040a6e4ff9b","Taylen","Green","216.0","32.3","1","QB51","QB","Cleveland Browns",,
"1aeee0a0-f281-4464-978d-6408dc10bcbc","128e2e2f-63f1-4629-a74c-1379076d1ff0","Luke","Musgrave","216.0","32.1","1","TE62","TE","Green Bay Packers",,
"29adb9e5-aed2-4d4f-bd02-d392dea8cfbc","3dbfc6a5-897d-40fd-abfb-f36db25da8e6","Devin","Neal","216.0","30.4","1","RB106","RB","New Orleans Saints",,
"3c8a5edd-31fd-4a7f-82b6-72fb3fd7bbba","eb371b30-ce64-4ac5-a210-c3ad540b2c6f","Michael","Trigg","216.0","26.8","1","TE62","TE","Dallas Cowboys",,
"bcf85be3-9707-47cf-832b-d1199a32307f","94372654-e75a-492b-bdbe-90253823a7fe","Kevin","Coleman","216.0","26.4","1","WR155","WR","Miami Dolphins",,
"ca8c5014-bf51-4571-a462-800ceb464974","56f7a603-f900-4d03-b066-da707e738d6d","Tyler","Higbee","216.0","25.9","1","TE62","TE","Los Angeles Rams",,
"1927be02-4158-4183-b6db-f07003785855","38f13e26-e56d-4a89-86d6-d30408130000","Jackson","Hawes","216.0","25.4","1","TE62","TE","Buffalo Bills",,
"41af4ab9-6754-4e81-81d7-b8cdec562d23","b26d253f-6295-44a3-97e6-09e84c71bb48","Tommy","Tremble","216.0","25.3","1","TE62","TE","Carolina Panthers",,
"8b4a16e0-8982-4cf3-8229-9406f421c89a","a4fe75c1-eb67-4ab2-a8f0-4912075e55d1","Efton","Chism","216.0","25.2","1","WR155","WR","New England Patriots",,
"6204f71e-c037-4b12-96ec-412f3cee7bf1","b2383320-4cbb-4309-9bbb-ddc546953c9e","Luke","Schoonmaker","216.0","24.9","1","TE62","TE","Dallas Cowboys",,
"c9863dbe-17cc-4449-8821-66ef76dacd26","908e1c00-304c-4942-8afb-a850d4179f0c","Will","Howard","216.0","24.5","1","QB51","QB","Pittsburgh Steelers",,
"cd8a15d4-a063-4cc9-9e53-476a1d59e95c","7c78abee-11ad-4ed0-a8b8-c17b0cd69330","Dont'e","Thornton","216.0","24.4","1","WR155","WR","Las Vegas Raiders",,
"268e39be-0c35-4593-bd6f-35f0df1c15d7","83e72a8e-fb32-4450-bf5a-04070626c19e","Tai","Felton","216.0","24.2","1","WR155","WR","Minnesota Vikings",,
"362994bf-2305-4f82-8481-cd05618f9407","f5106453-fc94-4ffb-b843-cb5b15cdb4dd","Jerome","Ford","216.0","23.3","1","RB106","RB","Washington Commanders",,
"8a1860ca-dd78-40b8-972b-d3438d44f7ac","6f5bdbd6-640a-4f62-b8f2-3797b340e2d6","Marquez","Valdes-Scantling","216.0","22.9","1","WR155","WR","Dallas Cowboys",,
"7aed2732-57d4-4fea-9ca2-cef9bd947a97","8a870822-ea81-4066-957e-8964f37d1452","Deion","Burks","216.0","22.6","1","WR155","WR","Indianapolis Colts",,
"c61c802a-15ba-44b2-adb5-ceae6bb5c95d","221181bd-e4ef-4380-899e-7b2a6aae962b","Josh","Cuevas","216.0","22.3","1","TE62","TE","Baltimore Ravens",,
"0431becc-a4a2-49b4-b270-3da247c0e95d","be6b435d-8b58-4b1c-bf4b-4c33c87bfb49","Nate","Boerkircher","216.0","21.9","1","TE62","TE","Jacksonville Jaguars",,
"64c2ac8d-6de4-49a1-9a92-f8dabb33a70c","568b03d7-5389-42d3-8f16-1ac14ba5da0f","Brock","Wright","216.0","21.8","1","TE62","TE","Detroit Lions",,
"417ffd3d-61f6-4960-afd8-9952d0106bd8","a19ea407-bcfb-42a4-bf8d-29742ea85241","Audric","Estime","216.0","21.1","1","RB106","RB","New Orleans Saints",,
"f9cad7c6-ed11-4cf8-a863-1a8d9a3e41c7","f1bbb892-67d2-4881-9032-7d1438511a4a","Isaac","Guerendo","216.0","20.2","1","RB106","RB","San Francisco 49ers",,
"a4a5f6d4-1658-4bc2-8d4f-7d627a5273f0","afca530f-1f10-4448-85dc-7272cdb6a470","Jam","Miller","216.0","18.9","1","RB106","RB","New England Patriots",,
"8c2a9f8c-8582-4cfc-b969-73b7123f7766","87ab74dc-271d-47a1-9bce-6a0b05cb07be","Marcus","Mariota","216.0","13.1","1","QB51","QB","Washington Commanders",,
"0e42dec7-61b2-4d7a-adde-c8191a7cd4aa","37910853-6548-4e29-84ed-c90534a5081b","Tyler","Huntley","216.0","12.7","1","QB51","QB","Baltimore Ravens",,
"9f10f0d0-ba61-41e7-9df7-182606a0acd3","831137ad-faf8-4eb4-b010-c54cc7554d71","Carson","Wentz","216.0","12.4","1","QB51","QB","Minnesota Vikings",,
"694cdbd1-5b19-431f-8142-3a7b39a14734","366a4240-0e93-4773-975f-d9db4fe583f1","Tanner","McKee","216.0","12.4","1","QB51","QB","Philadelphia Eagles",,
"661b313f-0059-464e-89f5-9b4d6d0a9e34","ad3eff63-980d-4fb9-9260-311480d0d8d0","Joe","Milton","216.0","12.4","1","QB51","QB","Dallas Cowboys",,
"c8198b18-9bdf-46c7-aa42-2004ad80694a","7f3319ac-32b9-45c4-ac5e-896fb477efcf","Quinn","Ewers","216.0","12.4","1","QB51","QB","Miami Dolphins",,
"2efdad7e-2e6b-4095-8fae-f434931938ef","92906449-36b7-4a8a-984e-b371c96739b1","Kyle","Allen","216.0","12.0","1","QB51","QB","Buffalo Bills",,
"e917dbf3-e4a6-4cdf-b853-5fbc0e9ecdea","76c23746-1006-498f-8195-8fb62e5e6404","Dillon","Gabriel","216.0","11.9","1","QB51","QB","Cleveland Browns",,
"0d999014-480d-41ea-84a0-730ae0bf6bab","c424b9c7-775f-4f2c-92e9-99af1b8093b0","Mitchell","Evans","216.0","11.7","1","TE62","TE","Carolina Panthers",,
"05fd7d30-b3c2-4e24-9fd4-f14ce2f5ac67","3343b3c3-1410-4f12-badb-d0bfa201aab6","Jarquez","Hunter","216.0","8.6","1","RB106","RB","Los Angeles Rams",,
"7d987ab1-c596-4e10-85a7-ae7245e925ff","913471a9-a8fb-4462-947c-9f4dba7f3bd1","Dean","Connors","216.0","7.4","1","RB106","RB","Los Angeles Rams",,
"f5ee4e55-bc86-451d-89d0-2cec1c56b0f7","5e48750d-552e-4c64-a107-e8d781f8b2da","Durham","Smythe","216.0","7.4","1","TE62","TE","Baltimore Ravens",,
"56e2ccdd-4753-452c-a1cc-a57d20bfa13f","5d5502b7-8a0e-46b6-866f-0cea1051de27","Jaleel","McLaughlin","216.0","6.5","1","RB106","RB","Denver Broncos",,
"e03cb605-2517-40e5-bf89-67edad87ad80","e9d6f9da-9f11-433e-b041-f49493e79515","Pierre","Strong Jr.","216.0","6.5","1","RB106","RB","Green Bay Packers",,
"7de4a983-b3ce-4aa2-8332-608b39f1a4ab","f972b7ae-d069-4104-83ea-5c5654a1daf5","Dyami","Brown","216.0","3.9","1","WR155","WR","Washington Commanders",,
"152e8e94-97c5-458a-84a7-573830c01bad","92cde727-0995-4804-911c-ecea076fd7c1","Xavier","Restrepo","216.0","3.8","1","WR155","WR","Tennessee Titans",,
"d145912f-4e99-4f87-8b54-255a1827b7a4","dc1ddf1f-55ef-41d8-a6bb-9b0e6f09831b","Skyy","Moore","216.0","2.5","1","WR155","WR","Green Bay Packers",,
"0e7a6cdd-75d6-4810-9ad1-967ef8065416","eec7c936-d768-4635-9c46-d3c68d0e0616","Jordan","Watkins","216.0","1.9","1","WR155","WR","San Francisco 49ers",,
"6745e0c5-9671-41e1-a89d-7aca4a4951fd","de0a9863-2185-4a9b-a8f8-857ee9af0d8c","Robert","Tonyan","216.0","1.4","1","TE62","TE","Pittsburgh Steelers",,
"a7658470-b263-43db-a168-6592b3b8551a","57754737-d485-4aac-b26c-c39e2da4157b","Zach","Ertz","216.0","0.0","1","TE62","TE",,,
"048e960e-d13a-4622-bb01-d4d4ca8b2ef3","ac8d73bb-7129-4ebe-865d-851a3ccc90ad","Salvon","Ahmed","216.0","0.0","1","RB106","RB","Chicago Bears",,
"fe21f5d4-b6da-43cb-82c1-2e87fb9e2e4f","37be9929-2955-41cf-bb72-646ab62987aa","Sincere","McCormick","216.0","0.0","1","RB106","RB","San Francisco 49ers",,
"ad953254-5e5b-4ea9-bae3-a77b084154f9","7bb27285-2b11-4024-bac3-56513e2bf040","Lewis","Bond","216.0","0.0","1","WR155","WR","Houston Texans",,
"91a941cc-fd65-4b39-a3e6-a24badbf4c92","226c2222-6b57-4b94-ad9f-0e359751f4c1","DeAndre","Hopkins","216.0","0.0","1","WR155","WR",,,
"fe09b705-f76d-4559-88cc-d7cf77e6b68a","2c649590-432e-4773-b521-f994b29a7c40","Noah","Whittington","216.0","0.0","1","RB106","RB","Houston Texans",,
"86f7c38b-ee3c-42ba-8591-592059df10f6","e3933362-2750-427e-80d1-70d150296830","Myles","Price","216.0","0.0","1","WR155","WR","Minnesota Vikings",,
"6735d9dc-239b-4a8b-b2d8-1d9dce1d8b39","bcb347c7-ee26-4f3d-9937-758f3ac1733e","Israel","Abanikanda","216.0","0.0","1","RB106","RB","Dallas Cowboys",,
"3ca4c4f2-e8ba-4ad8-9df6-66152a1eaf9c","ee758390-9894-4b96-8a17-3f1bdd2ae428","Jacob","Saylors","216.0","0.0","1","RB106","RB","Detroit Lions",,
"3871ace2-59fe-443b-8cbd-be7f8fd39e24","88e8a6d1-fd86-46db-9e4e-0eb5b8fbf823","Mitch","Tinsley","216.0","0.0","1","WR155","WR","Cincinnati Bengals",,
"03ed74aa-937b-4ed2-ad26-8246bac83085","19f3df7d-99f9-4555-8e03-a4afd3fa8c49","Joe","Mixon","216.0","0.0","1","RB106","RB",,,
"0449fa85-8608-48d8-b0c0-a6480514d93c","35490f3c-4283-47e7-b260-bc73e4b0139d","Cedrick","Wilson","216.0","0.0","1","WR155","WR","Detroit Lions",,
"9a1b81c3-118c-40e6-9f7d-f98f03773da9","3af0387e-ef50-4742-ac55-e44e90eaf93f","A.T.","Perry","216.0","0.0","1","WR155","WR",,,
"b9b07627-5bec-4b2c-88ed-355611ae17db","04c6ee21-1c20-4db8-89b2-868fdee8581c","Zack","Kuntz","216.0","0.0","1","TE62","TE","Dallas Cowboys",,
"9e2697c1-7c8e-40d5-b6b7-41f0e396bbf9","2e66ce70-c91e-470c-8487-3cbefeab851c","Jordan","Moore","216.0","0.0","1","WR155","WR","Cincinnati Bengals",,
"5980c4e5-ce0f-40ec-958a-a975ae451489","0cdd27f7-ea44-4a1e-afee-2e7a32f66f01","Jabari","Small","216.0","0.0","1","RB106","RB","Detroit Lions",,
"2cf34420-65c4-4a7e-8d30-0a59b0fc6b7e","8bcda6ee-e0e3-47ec-b1cd-4b4799c9ba27","Juice","Wells","216.0","0.0","1","WR155","WR","Atlanta Falcons",,
"0580183e-b849-4628-a509-f910bd2b4780","3d2e5fa4-acf2-4036-89c8-077f0f2fbaa6","Josh","Cameron","-","49.1","1",,"WR","Jacksonville Jaguars",,
"ebbe316a-3002-493b-ad6b-e55662490e54","67094292-2832-4cd4-93b9-541c58b343bc","Joe","Royer","-","46.3","1",,"TE","Cleveland Browns",,
"69da52ed-6f42-453d-8eda-86b660fdecd4","55d0e0e1-01a7-477d-9771-335ae7614dab","Elijah","Higgins","-","32.9","1",,"TE","Arizona Cardinals",,
"9e3106a2-a480-47cb-a4f4-958bd136a348","dc551b03-9c78-4796-b578-776208fbebb8","Daniel","Bellinger","-","31.6","1",,"TE","Tennessee Titans",,
"39b7c090-8048-4d72-98aa-631ba5cf01ea","16b23189-7d4a-48e6-96c3-cf57ccfd2e6f","Derek","Carr","-","29.2","1",,"QB",,,
"4b1dc7d3-a1f1-4a46-bbe1-eb56ba3dec06","467d16c8-fe6f-4e5b-b87a-5aa7f1ad4ff0","Will","Shipley","-","28.8","1",,"RB","Philadelphia Eagles",,
"57772c86-71b4-44bf-9d93-abf3041755fb","5fb5d84e-ab97-4048-8347-cb2dbf062e61","Gardner","Minshew II","-","28.0","1",,"QB","Arizona Cardinals",,
"1ca8805d-23eb-41d8-bd06-2fee9654f1fe","92735296-f7e4-413f-9672-6b05d5e8175c","Cade","Stover","-","26.2","1",,"TE","Houston Texans",,
"ab75c90d-2519-4458-97b1-ad47c41e582e","fd498b49-4486-47b1-abfc-55cb48b3e6e7","Austin","Hooper","-","26.2","1",,"TE","Atlanta Falcons",,
"f1142488-8985-4567-90b2-eb5ee8156e4b","15346155-dba2-4ccd-ac28-d5bde0a39715","Kevin","Austin","-","25.4","1",,"WR","New Orleans Saints",,
"82e60d5d-c2e3-443d-99ab-4bfdb1fc4630","fc2abfb9-cf17-40e7-a5a0-3cd636ecca49","John","Bates","-","25.3","1",,"TE","Washington Commanders",,
"24bfd8c7-1af8-4f2d-b860-74998c7d2dad","b7aaf613-cb5b-4a33-bb97-1e0c672e0346","Jaren","Kanak","-","25.1","1",,"TE","Tennessee Titans",,
"6c20485b-2700-4776-bcc8-6794a44c8408","0b52547e-7c90-4ce4-8a65-9d1dd47782d5","Lance","Mason","-","25.1","1",,"TE","Pittsburgh Steelers",,
"39175974-db84-4c8f-bb00-60e24447f762","c4395b6e-4cfa-4303-9e8a-c9333d134f22","Drew","Sample","-","25.1","1",,"TE","Cincinnati Bengals",,
"fda83f17-7899-46d6-99fc-0fea6147d25c","3673fc23-4825-46a3-85e6-f427be061bfd","Jawhar","Jordan","-","24.5","1",,"RB","Houston Texans",,
"b9024f69-2baa-46fa-af8a-baf0c9a4083b","856e4913-47c1-4aca-b38b-11f6fcc2b45e","Tyrell","Shavers","-","24.2","1",,"WR","Buffalo Bills",,
"0261bbda-f286-455a-8a47-508fd018c86d","45528d76-3b4b-4a37-8b39-0f312f64d260","Eric","Rivers","-","23.9","1",,"WR","Tampa Bay Buccaneers",,
"f8c89495-a4c2-4a38-a1d9-601abb8c6de0","5b20564e-707a-4d94-b213-5f216c70b815","John Michael","Gyllenborg","-","22.9","1",,"TE","Kansas City Chiefs",,
"d3b3bba3-9a38-470b-9d27-e142cf85ec57","1bd7b256-4a5c-4568-b75f-bdf53a24cdf1","David","Sills","-","22.4","1",,"WR","Tampa Bay Buccaneers",,
"3fd843c8-026e-4b24-ad58-ebc567d4d1a7","a8f308d5-bade-4b9c-bd91-129f605897e7","Adam","Trautman","-","22.3","1",,"TE","Denver Broncos",,
"2762d6d8-3e32-479c-8c20-bf1f8f832463","5ffeb14e-0840-4016-b782-bd17b04cc1e0","Xavier","Smith","-","20.6","1",,"WR","Los Angeles Rams",,
"71ad81d1-1fe9-48b7-9eb6-28f0827fb74f","95c6a77b-e53f-46ec-adfe-ffba1ed6c4cf","Grant","Calcaterra","-","20.6","1",,"TE","Philadelphia Eagles",,
"da7ab0a2-310f-4b4a-a2b5-41c66fe180e2","bf40e425-b01f-43bf-a833-b021427efd7e","Dameon","Pierce","-","20.3","1",,"RB","Philadelphia Eagles",,
"c80ceeec-f6eb-4d8d-a795-9008872df018","b37b6f6c-4d40-4b28-96eb-8032f1852452","Lil'Jordan","Humphrey","-","20.0","1",,"WR","Denver Broncos",,
"9471de84-8613-4707-96cc-60bdde81be4f","90472944-f8fb-4ac5-9876-60713fc2fd22","Trey","Lance","-","14.6","1",,"QB","Los Angeles Chargers",,
"906c425a-8b39-485d-909e-644b5c47a316","74ef2f95-0fc1-4347-b8ee-3c3e59d61a54","Tyrod","Taylor","-","12.9","1",,"QB","Green Bay Packers",,
"75512516-42df-4a53-864d-85d536c70c34","679c6b4c-7792-4375-ad85-4f7490556d0e","Connor","Heyward","-","12.7","1",,"TE","Las Vegas Raiders",,
"a3a642ac-30a5-4d45-95a5-10f9db3991d4","6d3577ae-3df6-4361-ac5f-8ef3609a2a03","Will","Levis","-","12.7","1",,"QB","Tennessee Titans",,
"4b5a0cdd-1d0e-45a3-8569-a485943432a4","9d89b8c7-f404-415e-b7b6-77f1390184f2","Spencer","Rattler","-","12.7","1",,"QB","New Orleans Saints",,
"ffcee7ae-c4b2-432d-a7cc-a46d72e3c3f8","2f7d2fc9-4748-44e4-836c-034a731998fe","Riley","Leonard","-","12.4","1",,"QB","Indianapolis Colts",,
"95b10264-348a-40fe-96ff-053913e7f815","1d88d6df-e227-42a4-8909-7eff2f18214e","Joshua","Dobbs","-","12.4","1",,"QB","Detroit Lions",,
"3694849b-fcac-46d4-ba7b-79e98694646d","2f27a722-1b5e-4d58-9b04-c677869dc81c","Tommy","DeVito","-","12.4","1",,"QB","New England Patriots",,
"c84508e8-8d5f-4fa8-9474-7c0bdcb99fef","708cfb6f-53e4-4d32-ab05-0abe667586b2","Jarrett","Stidham","-","12.2","1",,"QB","Denver Broncos",,
"10796471-650b-4266-8a6c-dbea2b5d8528","7e979d70-ba81-4b1f-a558-99da47b4afba","Nick","Mullens","-","12.0","1",,"QB","Jacksonville Jaguars",,
"ab59ed8b-743d-420c-b737-ca160e78ba4e","233408d7-f785-401a-a86e-9b1961e1b2f0","Davis","Mills","-","12.0","1",,"QB","Houston Texans",,
"4995303d-e971-4d80-9718-da5cdd8c9a2d","3dcd99af-d7ff-445c-b088-c61faedb6538","Mitchell","Trubisky","-","11.9","1",,"QB","Tennessee Titans",,
"158922a8-adc8-49cf-963b-e6608fbcf728","40e4454b-82c2-429c-890f-379ff69e48c5","Andy","Dalton","-","11.8","1",,"QB","Philadelphia Eagles",,
"8d227df0-5cb8-46ce-8b01-6936fa743a80","edc3553b-421d-4ae7-83f0-747bcbe68ea0","Mason","Rudolph","-","11.7","1",,"QB","Pittsburgh Steelers",,
"dc5b0709-d2a4-4227-b722-3d17225019d4","d21ffffb-a8ff-4ecf-b2fb-86bc5571e7c4","Teddy","Bridgewater","-","11.6","1",,"QB",,,
"173dc758-efe8-4dcc-82fd-87a724cb920b","1b1dae18-5051-40d8-8bdd-0e992a9ec001","Tip","Reiman","-","11.4","1",,"TE","Arizona Cardinals",,
"178ce7cf-fc46-46bc-9408-da2375269daf","60454cb5-6295-42e9-b0bb-1058245c62df","Mo","Alie-Cox","-","11.4","1",,"TE","Indianapolis Colts",,
"3980cc1f-f9c4-444e-979d-fe1c3fa2fe5e","bda0e797-b247-43f5-807b-88a38ca7924c","Josh","Johnson","-","11.3","1",,"QB","Cincinnati Bengals",,
"9b3fbb3a-7a4b-45c7-a826-93b51bc44734","a3901a5e-309b-4dc1-b62f-a9e7887ba7a7","Tim","Patrick","-","10.7","1",,"WR","New York Jets",,
"679577f5-8a81-4b5f-8614-eeb3ca72eb74","dea916f0-9a66-4430-a84d-85c792f45aa7","Jaydn","Ott","-","9.7","1",,"RB","Kansas City Chiefs",,
"ad0e0e95-aa32-473e-8207-04d59e9a9bcb","96e509ee-5018-4208-9e36-aba17a349f10","Zavier","Scott","-","9.1","1",,"RB","Minnesota Vikings",,
"bed848ee-6e5b-4d1a-a0d6-b42c750e8ba9","71bb8c53-1536-4a76-823a-b397b2b0fd08","Ty","Chandler","-","9.0","1",,"RB","New Orleans Saints",,
"4fb199d5-2f4d-4ee4-a86e-3e71fadb50ac","d5697918-d882-4cc2-9bf7-934b98b9329d","Jeremy","McNichols","-","7.9","1",,"RB","Washington Commanders",,
"483d6ea7-3782-4476-ae9a-355e1de403c3","860c13be-50ed-432b-80fb-a335aa2a79c8","Luke","Farrell","-","7.6","1",,"TE","San Francisco 49ers",,
"34c63640-27c5-4508-a93e-8b7d72a4e3b1","bf2a9c10-259a-4966-9dcf-b99a61128cf8","Foster","Moreau","-","7.3","1",,"TE","Houston Texans",,
"5c34d446-d07d-4002-b42a-e7549ea32118","1a783937-492f-47a2-9058-574dc3396d8d","Isaiah","Hodgins","-","7.2","1",,"WR","New York Giants",,
"585d0d4d-cc0f-4493-93fc-2120d7b88f5f","d2e8f3df-8731-4d07-9e3f-08e25626dc37","Riley","Nowakowski","-","7.1","1",,"TE","Pittsburgh Steelers",,
"cbd2eec8-4505-4e7c-8415-ef87f011f70d","46086bdf-1eb0-40ac-b719-35f52292bc12","Jeremy","Ruckert","-","6.8","1",,"TE","New York Jets",,
"c1f1786a-e368-4c9a-a02c-b16e0cf1f0c9","82682a2a-6ca8-411c-b723-2aeaaed8787e","Michael","Carter","-","6.6","1",,"RB","Tennessee Titans",,
"33c1ab78-52c8-4543-9d9c-7313e6e9aace","e3ef1ad8-55f6-4917-b176-3bb475d1b473","Hunter","Luepke","-","6.5","1",,"RB","Dallas Cowboys",,
"ed1b4863-5b40-4cca-80ff-b5770372fd00","87d6d591-514f-446a-8cce-63b8befc4ae0","Cody","White","-","6.5","1",,"WR","Seattle Seahawks",,
"e489d97d-d068-4644-809d-03228a568c62","f710594c-160e-4036-b59a-42051086c3d8","Damien","Martinez","-","6.5","1",,"RB","Green Bay Packers",,
"abb29ce7-844c-421e-b98c-65f0a58ab468","76270f2d-4939-47d5-882e-981a5d07f2a7","Tyler","Badie","-","6.4","1",,"RB","Denver Broncos",,
"436dd81c-2688-4693-a8f0-3c624dd865d4","e1542cab-794d-40a0-b024-924f458fd1a3","Lucas","Krull","-","6.1","1",,"TE","Denver Broncos",,
"b1c18230-ba14-41ee-9cd3-8e4bfe5c5878","d09fb0f8-e30b-4d7a-8a17-fb9a224f9476","Payne","Durham","-","6.1","1",,"TE","Tampa Bay Buccaneers",,
"4956a46f-92f1-429e-adba-72c28b0ca86b","fd5802df-0621-42f5-98f1-a006f32815ae","Charlie","Woerner","-","6.0","1",,"TE","Atlanta Falcons",,
"9878c951-2dff-4427-b121-baa03a9485e6","c4df0f2e-cb53-4c4c-a992-addf71733b47","Quintin","Morris","-","6.0","1",,"TE","Jacksonville Jaguars",,
"bd738a3c-0139-4116-b0b8-0132aa6ff310","325e2a23-0198-4f55-bcba-44d63cdaf314","Seydou","Traore","-","6.0","1",,"TE","Miami Dolphins",,
"acf7bbb7-889a-4178-9ce5-993438ff9076","0b8759c2-8448-4908-a035-0abfe777ce3a","Dante","Pettis","-","5.8","1",,"WR","Buffalo Bills",,
"6ea72ab6-f8bd-424b-b960-3edd1e322d62","abb9bd51-c3f3-4802-9259-ddcb7f0b6bd6","Malachi","Corley","-","5.8","1",,"WR","Cleveland Browns",,
"e19b1714-6f53-4171-b59b-f89aca6b16b1","c80a3f74-0d57-4f1d-b6e8-9167bcafc9bc","Arian","Smith","-","5.6","1",,"WR","New York Jets",,
"2a5eb1e0-e9bf-4086-b8c7-8f26beec10f6","e0cee736-2dcd-457c-8c87-00dc56bb6856","Ronnie","Rivers","-","5.6","1",,"RB","Los Angeles Rams",,
"6ee8cbec-67a7-4800-8f88-c57d844a6b05","69cade60-9e48-48f9-874f-5937cf6d8168","Xavier","Weaver","-","5.6","1",,"WR","Arizona Cardinals",,
"21426a73-0234-4c3f-9db8-7472edd89a13","4e1c316a-c2ba-4cc7-a21b-ee00821ad5ae","Jack","Stoll","-","5.5","1",,"TE","Cleveland Browns",,
"a46da6ac-7681-4525-8892-f8f29bae0536","d21e7aec-d294-4fb3-a494-12e1361e8cf0","Dare","Ogunbowale","-","5.5","1",,"RB","Las Vegas Raiders",,
"86c4c171-c6db-4b9d-89f6-2333e0a46e15","fb27137d-0cfd-4c24-aa8c-205efae02f9b","Devin","Culp","-","5.3","1",,"TE","Tampa Bay Buccaneers",,
"5d34358b-ed75-4a24-b938-4ce83f9e2774","1e22a254-5c0a-46a1-90d0-f74e5b61078a","Van","Jefferson","-","5.3","1",,"WR","Washington Commanders",,
"bc80bb51-ac83-4c2c-9be7-adc1c52102e1","03f7b16f-fcc5-49a5-bc39-e4e96b0bfd73","Jack","Velling","-","5.3","1",,"TE","Atlanta Falcons",,
"2f8f159a-710a-47ec-9af7-3d82104690d1","1e6b6a13-9183-4bf5-bf61-3f4746a98ef9","Dane","Key","-","5.1","1",,"WR","Denver Broncos",,
"5830c8cb-5670-4042-9fd9-b3d830c3e0a0","3fee7798-cae7-4bf8-b6ca-87b0a594d6f9","Noah","Thomas","-","5.1","1",,"WR","Cincinnati Bengals",,
"553f2b9d-e26b-44fd-b3a5-cc6c558efd72","f5952b47-bac7-4f32-87bc-9ae1455aaef3","Trebor","Pena","-","5.1","1",,"WR","Jacksonville Jaguars",,
"0c10b051-c7d7-44ce-93b3-f71f65054d9e","2929fb17-9acc-4bca-a4f2-dd118c2a72d9","Reggie","Virgil","-","5.1","1",,"WR","Arizona Cardinals",,
"d81cf87e-523c-4937-8f45-40b1c6f3767e","252b01c1-2bde-4112-bbfb-6440ade9258d","Cedric","Tillman","-","5.1","1",,"WR","Cleveland Browns",,
"12abf105-f17e-402a-a1cb-7bb64cab8883","102fb9ff-b260-42da-9d75-ecf67a6a60b0","Chase","Roberts","-","5.1","1",,"WR","Las Vegas Raiders",,
"39170273-b40f-45ef-85e2-14c4ff81a377","1e0b5146-5d52-4162-b34d-984121c59d92","Tyler","Johnson","-","5.0","1",,"WR","Dallas Cowboys",,
"ace06251-1be5-4a87-8ec2-2d65a2a32256","95e93b15-79f1-42cd-993f-6881cc28141b","Josh","Whyle","-","4.7","1",,"TE","Green Bay Packers",,
"070d615a-ba38-4324-9545-af57fd9a3fd9","7f7dd60f-ec71-4dae-bde2-377262d38caf","Kalel","Mullings","-","4.6","1",,"RB","Tennessee Titans",,
"8695b240-4ec9-488a-a36d-62355a7b5a19","81f2797f-b692-432d-b2e3-a0f897179e54","Julius","Chestnut","-","4.6","1",,"RB","Tennessee Titans",,
"5b2963ea-efc4-4bbc-9aec-093eb5e7e76c","0bc2e7fa-b5e5-4570-9709-0fdeb1ab5884","Davis","Allen","-","4.4","1",,"TE","Los Angeles Rams",,
"2dc0f82e-cc2e-4731-ac91-1147eb4997e5","4069bb46-5cdb-4cdb-a670-38912d166f2d","Tanner","Hudson","-","4.3","1",,"TE","Cincinnati Bengals",,
"59f6e969-a64f-413b-9a5e-54b0f03133b6","91b36e3b-3cff-4ff9-849a-9771591a62a0","Eric","Saubert","-","4.2","1",,"TE","Seattle Seahawks",,
"be921dc0-5c81-405e-8eb3-22ea5eccdcfe","d0cfdb44-d558-44e4-8a37-07b904daae50","Nate","Adkins","-","4.2","1",,"TE","Denver Broncos",,
"d470669e-525a-4e57-82ec-08c3a1b127c2","28f21713-1487-4c17-baf4-ba9b806d3788","Stone","Smartt","-","4.2","1",,"TE","Philadelphia Eagles",,
"73c2849d-235b-4cf4-8865-2cc4b1e17125","2e06a4b3-9802-4ebf-b433-68deed5baaac","Dylan","Laube","-","4.1","1",,"RB","Las Vegas Raiders",,
"a1ca4ca3-3623-4dd0-8fd7-dd3c6b2b1bbd","b90e3184-7bb0-495a-a598-116eff63f7d9","Brevin","Jordan","-","4.1","1",,"TE","Houston Texans",,
"b9e14ab0-6be6-4a52-81b4-4046a1104f97","18f25211-aa49-4ca3-901f-089b30701c29","Julian","Hill","-","4.1","1",,"TE","New England Patriots",,
"ab4696c0-26e9-4125-b2b7-d38bb148dd90","5a90c629-0eac-42fd-bfce-1cb7e8021c72","Drew","Ogletree","-","3.9","1",,"TE","Indianapolis Colts",,
"4aac2564-39cb-4e0d-ad23-4d063d917417","b1107a91-61f9-493f-9b2b-443aaaa69f9a","Tyler","Goodson","-","3.8","1",,"RB","Atlanta Falcons",,
"f756172b-6ded-4bcc-b5ed-c3a6da704b7f","06571d93-622a-491f-b241-be361cb2e5ff","Ameer","Abdullah","-","3.8","1",,"RB","Jacksonville Jaguars",,
"08fef101-141f-4471-a461-d592d3085891","a9501bde-b214-42c6-9ee2-29a57b510953","Raheim","Sanders","-","3.7","1",,"RB","Cleveland Browns",,
"5e181089-15b3-4ebe-9627-169c0c094fa4","5e5cc4d2-5112-4125-b79f-0808dc8d39b7","Dareke","Young","-","3.6","1",,"WR","Las Vegas Raiders",,
"a8907b95-7599-4e7a-a5c1-2602475e9b68","63b71b9c-c38c-4abe-982e-09707004d8e1","Blake","Whiteheart","-","3.4","1",,"TE","Cleveland Browns",,
"86f278b7-f208-4fe9-af36-8f21f79c9d4e","6b33c2f8-f926-4f1c-bf1f-bf0786e93764","David","Moore","-","3.3","1",,"WR","Carolina Panthers",,
"5a266574-1e6d-4e34-bc55-dfd48038e2b1","52aa4523-7aa1-4310-9fd3-7cea1cbd5931","Tylan","Wallace","-","3.2","1",,"WR","Cleveland Browns",,
"9e3bf9f5-7b53-46be-a84b-da131c75c8a9","041deb2b-7cc8-49e2-ad4c-911399b0c5ee","Ricky","White","-","3.2","1",,"WR","Seattle Seahawks",,
"b31c06dd-f890-42b7-bef9-8417a3cdca99","0c99e47c-9d97-4290-9021-3671087503e0","Jake","Bobo","-","3.2","1",,"WR","Seattle Seahawks",,
"e62eabd2-a224-4252-bdde-aa41793f0a6c","38534ff5-ba96-4cd7-9122-31902e18ec83","Chris","Moore","-","3.1","1",,"WR","Baltimore Ravens",,
"49ed7098-fd24-4c23-9402-395fceec20d2","b32c9f52-1f85-4de6-84d6-a11183ad8829","Ian","Thomas","-","3.0","1",,"TE","Las Vegas Raiders",,
"13480789-a8c9-4a23-915e-c510ec49ca99","700f1b63-bddb-41f1-abde-3d7d0c116a59","Cameron","Latu","-","3.0","1",,"TE","Philadelphia Eagles",,
"8bdc6dcd-c118-4b22-aa8c-5fc78accdf69","d2a8d44d-4200-41c3-8df3-6459a0a25c7f","Ben","Yurosek","-","3.0","1",,"TE","Minnesota Vikings",,
"e293a6ae-1513-462d-93b9-a4590cfe8a4b","9ae8da68-89c9-41d7-a927-7fc84e878148","Kylen","Granson","-","3.0","1",,"TE","Tennessee Titans",,
"e2e1c31a-25b2-4da1-8ec3-1ea24e9759a4","7cbb0d09-0c7d-46b2-98c7-c585c8054116","Trent","Sherfield","-","2.9","1",,"WR","Buffalo Bills",,
"8d8b3f70-9e83-4911-aefa-e20f7262bfda","1f7c7f56-b309-498f-8da4-e36a6385fa0c","Anthony","Gould","-","2.7","1",,"WR","Indianapolis Colts",,
"43e38497-d526-41ec-a22a-70fe9e0769ac","9f7e64dc-3676-41e4-9e53-76ab33f87f2a","LaJohntay","Wester","-","2.5","1",,"WR","Baltimore Ravens",,
"f7ec26a0-1c42-4803-802f-6aeb7aade736","9f1b82e8-74e3-4376-8930-81e907113ec1","Donovan","Edwards","-","2.1","1",,"RB","Miami Dolphins",,
"95d30fc9-c524-451e-97f8-e48586724f11","cac85860-ef0c-4e34-a7cb-65a8f4d4b799","Shane","Zylstra","-","1.8","1",,"TE","Buffalo Bills",,
"e6982e2b-bf5a-434d-9ab9-c9d5dbb951e3","ecab8e2a-03a0-45b2-a77f-d7fe75c88047","Ko","Kieft","-","1.8","1",,"TE","Tampa Bay Buccaneers",,
"7118a89c-c870-4f82-93e0-88e4302fdf9f","059cf5f1-9107-4c53-a592-b377cd95242f","Chris","Manhertz","-","1.8","1",,"TE","New York Giants",,
"65c6db04-7257-4783-a4ef-d8e1a2b2cd2c","ad8ac510-e3de-4892-9572-171165ae82b9","Feleipe","Franks","-","1.4","1",,"TE","Carolina Panthers",,
"188334d1-3390-4bf0-8869-1b3deb0eeeef","d518b022-5088-480c-b4b0-cfbe8a77f042","Tyler","Conklin","-","1.2","1",,"TE","Detroit Lions",,
"b798ab6e-bd9d-4eaf-a650-c8fe30279568","76bb86af-c68f-486a-bbcd-6e1143294b8f","Derius","Davis","-","1.1","1",,"WR","Los Angeles Chargers",,
"57dbefee-7094-47b2-baad-c3646fbfe3b6","ea161fea-4582-4c50-bd01-76cc9050fd41","Ben","Skowronek","-","0.6","1",,"WR","Pittsburgh Steelers",,
"e0d150b4-3f9b-40b1-946e-234e8741c5db","4c5173c1-c942-41ef-8eff-b4ba9d819402","Devin","Duvernay","-","0.6","1",,"WR","Arizona Cardinals",,
"17053aa3-4a29-4e82-921f-5a359b437b34","3fc4c4b5-de6b-4fe6-8d17-0895c89fed97","Nikko","Remigio","-","0.6","1",,"WR","Kansas City Chiefs",,
"9a372214-6580-4fbd-b580-ca74972a021e","34dfefb4-d8ef-43ca-b944-aeca1452a7d0","James","Mitchell","-","0.0","1",,"TE","Carolina Panthers",,
"9a5b638a-8290-4513-9dae-51d6edf3bc34","2101a7d6-977e-4d62-b3f0-85486648d6aa","Will","Mallory","-","0.0","1",,"TE","Indianapolis Colts",,
"9a636807-b1aa-46bc-bd5a-8f7697acda7c","60121a36-8aa4-4d1b-8c38-1769d34f4941","Michael","Wiley","-","0.0","1",,"RB",,,
"9a6d0426-53d9-4afe-bc1b-1b70ae717e83","dd91a19e-ddfe-40a9-b790-97880ec2587f","DeAngelo","Hardy","-","0.0","1",,"WR",,,
"9a763a81-2472-4901-918d-6eb391d0e3cc","1d7e2d3a-efe7-43fe-b8d1-7f69c0de676c","Seth","Henigan","-","0.0","1",,"QB",,,
"9ac99c45-a2ee-4586-913c-cbc4d942624b","f47cdbe0-d64c-43e9-a75d-83aceb96372c","Matt","LaCosse","-","0.0","1",,"TE",,,
"9acf1f7e-902d-40c1-91bd-716755105750","388ddf77-e2af-4540-b4af-a718f0124e6e","Breshad","Perriman","-","0.0","1",,"WR",,,
"9adc7838-ad1c-4df6-a28b-8a52f2a082e5","6b836f4b-35a8-4e1a-b7e6-1324111684ff","Kenny","McIntosh","-","0.0","1",,"RB",,,
"9ae53c03-aeb7-4ece-ac48-2fae1c39d4a3","876a2db7-22d8-48b6-a3e9-bd825405b722","Traeshon","Holden","-","0.0","1",,"WR","Dallas Cowboys",,
"9b99db63-53d7-4bc7-9a8c-e03cef1cefc8","90742b23-d686-4b53-83b5-0104a4f61c78","Maxwell","Bishop","-","0.0","1",,"RB",,,
"9ba95a1e-3511-47d9-838f-4d61b7c281d0","6d23433e-d0b0-4e2c-ba38-11ed84fbdf34","Anthony","Smith","-","0.0","1",,"WR","Dallas Cowboys",,
"9be01064-59fa-4d14-8aa6-aef7b1183b02","8d66c5eb-1eb6-4ef8-9f74-f84716fa60fc","Jaelon","Darden","-","0.0","1",,"WR",,,
"0013729e-c6a0-454f-804b-11b8f10937ac","0c7e0ce9-014c-4666-a2f6-e636bdcb21ce","AJ","McCarron","-","0.0","1",,"QB",,,
"9c33a26f-f09d-4b4a-9e09-34fd2787c07b","f8e83c99-fd2f-4b28-8fca-80e840ac0623","Kendrick","Law","-","0.0","1",,"WR","Detroit Lions",,
"9c48ba01-9e85-4dca-a72a-f972a01105f8","2e6bc014-38ab-4d5e-9dbd-5ea00d40b743","Ronald","Jones","-","0.0","1",,"RB",,,
"9c66cf4d-3c8f-4317-987b-b0b7675eddb4","3bd4fbc0-94f6-4ee3-a169-9990d0779baf","Daniel","Sobkowicz","-","0.0","1",,"WR","Houston Texans",,
"9c7d5191-2230-4b52-88d9-c42ff6419b2c","f22ba772-f56b-49de-be40-6a351581408e","Tre","Stewart","-","0.0","1",,"RB","Arizona Cardinals",,
"9c81eb8c-298c-4e53-9648-c6e813c6b755","0b86feb7-78bb-42fe-b616-c15c6286ec20","Tim","Jones","-","0.0","1",,"WR","Jacksonville Jaguars",,
"9c88555b-20ab-4731-bccb-f9f0f6b2819f","3c804b7c-622b-4a73-9596-1bd803b695cc","Jordan","Mims","-","0.0","1",,"RB",,,
"9ce8588f-a261-4d4a-8537-035ca6de1763","9453991b-18ed-4f93-9ebf-959f6024fc12","Matt","Landers","-","0.0","1",,"WR",,,
"9d2124e4-8984-4e9b-9f80-55fbdc92053c","e0ff4ee7-493b-41b8-8c05-1039d00efed8","De'Anthony","Thomas","-","0.0","1",,"WR",,,
"9d448ebf-bdac-402c-9511-9ac5764b581b","475177f8-69e0-4e62-80e3-74d26aa54836","Devonte","Ross","-","0.0","1",,"WR","Los Angeles Chargers",,
"9d5e574b-8adf-444a-be24-c9ad49156aaf","bc5aa9a5-8bbe-42b6-9670-86257b8e153c","Holton","Ahlers","-","0.0","1",,"QB",,,
"9dafcd96-1378-47a9-a80a-ce2edd505fe1","703faa63-9cfe-4bf5-95a7-f92019fbb26a","Marvin","Jones Jr.","-","0.0","1",,"WR",,,
"9e483480-297b-42a8-b44d-e1f08e97b15c","e9f27df3-1fa9-4139-93a6-0b3cf66b40b5","Trey","Sermon","-","0.0","1",,"RB","Atlanta Falcons",,
"9e766a37-8a06-4732-9803-b19be4dbe456","66d8ba9a-d0ad-449d-b27a-bdd782a4cc04","Zakhari","Franklin","-","0.0","1",,"WR",,,
"9ee83023-4a3e-438f-889c-83f31c6ea111","66089393-f3d1-4720-8763-87e0ddb206d0","Shane","Buechele","-","0.0","1",,"QB","Buffalo Bills",,
"9f2244b3-f8b5-4a82-b748-26a2c07c9240","e950747c-6541-47a4-a2e6-dd59b6c536e0","Khalil","Dinkins","-","0.0","1",,"TE",,,
"9f671e28-c481-42b7-bbf1-88016602cab9","a545507a-fe24-4204-8e19-f1c0cf36c130","Brady","Russell","-","0.0","1",,"RB","Seattle Seahawks",,
"a09e72a6-1c8c-45e9-a51a-81fe0882a80f","46138876-0318-4746-a61f-9b33cbcdc91f","Phillip","Brooks","-","0.0","1",,"WR",,,
"a0a34eef-be3a-4e9e-93b7-4182de11cb85","76fce8a2-7843-4369-ad81-c2837868ddda","Kendall","Blanton","-","0.0","1",,"TE",,,
"a0ca67f5-95d0-4432-ab04-002da41fd662","cc9b1c50-4b72-4129-ae9a-2efa6bd79fdf","Jeff","Driskel","-","0.0","1",,"QB",,,
"a10ea0e2-1e0c-4d82-8554-d2b3075c9a31","e40e1cd1-24e6-481b-b2ac-3e1409143022","Thayer","Thomas","-","0.0","1",,"WR",,,
"a13be7e4-a42c-40a9-9cab-470982ab9959","50d708c8-637c-4c2d-9e06-e864a660207c","Jonnu","Smith","-","0.0","1",,"TE",,,
"a1ececc9-b5a0-4e2a-898b-9889e8bf2a4a","9a5f030e-a843-4a54-87aa-4a08fe407401","Theo","Riddick","-","0.0","1",,"RB",,,
"a221e362-9dac-4851-b781-d75dc942852f","5015aead-f8b4-419f-a711-517786575595","Caleb","Huntley","-","0.0","1",,"RB",,,
"a26c4c92-d86b-49ab-af0b-3e0cd6905732","f7e9c5ff-ad4a-4fd8-b62b-693842b39d3a","Keaontay","Ingram","-","0.0","1",,"RB",,,
"a286614b-9746-46a6-ac8a-8f83588b41f9","62b33363-6b96-472e-ac58-a37611b925fd","Curtis","Samuel","-","0.0","1",,"WR",,,
"a32c872c-6faf-40cf-85bf-738dcc380cfd","6131096e-860d-46a9-8c35-6f99bbb950ff","Peyton","Hendershot","-","0.0","1",,"TE",,,
"a33fe780-e220-4ca8-a0a4-4a3728721ce7","3f75318e-7db6-4889-8c47-87e0ef05217b","Kyric","McGowan","-","0.0","1",,"WR",,,
"a380519c-ede0-4425-80c9-bf7d4a7f03a0","c23bc320-3b46-44a1-ace3-18eecf14f39e","Vinny","Anthony","-","0.0","1",,"WR","Atlanta Falcons",,
"a39f1fc3-0c40-4689-826e-81803e47fd81","a28195c7-d5fb-42fa-9667-9539c1db470d","Joe","Fagnano","-","0.0","1",,"QB","Baltimore Ravens",,
"a3b7ba43-a29e-435e-a87f-64ea990c73a4","d89cc456-7055-4f34-992c-f1a0b086b7a3","Duece","Watts","-","0.0","1",,"WR",,,
"a3f33dc6-027a-45c6-9767-e80941c01633","1b71ed87-7d6c-4bd6-b659-8cb882491d2e","Brittain","Brown","-","0.0","1",,"RB","Chicago Bears",,
"a51f3bd4-2ce4-4c1e-905a-9308bd6ae0f0","de7041bb-b56f-4bb4-847a-c9892bda0b1b","Jared","Wayne","-","0.0","1",,"WR","Houston Texans",,
"a540ae24-f912-4d67-8b19-7947f2ef0f8a","81517b3e-52c1-41fe-a780-fbe8750afe5e","Troy","Hairston","-","0.0","1",,"RB",,,
"a54c43d1-b5c2-41f1-a0a9-76fca74e25ed","e7043ccb-63a0-40b9-83c7-7085da3fb1e2","Boston","Scott","-","0.0","1",,"RB",,,
"a59ffcd8-3789-41de-ab2f-815adba34ac4","1f9f5102-e716-47d5-b39a-481f77f72b15","Trinidad","Chambliss","-","0.0","1",,"QB",,,
"a5a30087-3614-4569-a0b1-e2c44e6cd6dd","1b1876c0-21fc-4786-9c81-796dcce39265","Russell","Gage","-","0.0","1",,"WR",,,
"a5e65aed-614f-4c75-bf7e-96b058119d37","00f76dc2-5727-4597-817e-ce253c10dc07","Ben","Sims","-","0.0","1",,"TE","Miami Dolphins",,
"a63b0ba3-6b50-45a5-8b9d-bdbe95f94efe","3e5b4a8f-5c87-46ee-bbe4-c3df642ee23b","Nick","Muse","-","0.0","1",,"TE","Atlanta Falcons",,
"a676cf0f-9e89-44c4-9f56-b1ef629c5188","2e0622f2-f2a1-47b3-808b-9a8f58ec8c94","Thomas","Odukoya","-","0.0","1",,"TE",,,
"a6a3a602-0f66-4a85-868e-bb1b9acea930","6bdca556-2005-44fc-92b2-d76c8fc07c0d","James","Robinson","-","0.0","1",,"RB",,,
"a6a89bb1-d83a-4541-b6a2-e0c52e3979fe","15ba742d-7d7b-44d1-a5d5-b2a1dd9dd833","Gavin","Bartholomew","-","0.0","1",,"TE","Minnesota Vikings",,
"a777e171-f22e-475d-a6fb-09b42706eb9b","6aaca934-89ae-4000-89ca-79c00a8afc02","Terion","Stewart","-","0.0","1",,"RB","Kansas City Chiefs",,
"a780bace-785b-4f62-8567-279b83dda243","a26700df-5f0a-48e2-866d-362d83de2aa4","Trevor","Siemian","-","0.0","1",,"QB",,,
"a8177f7d-3414-4468-a66b-a76f50144cc9","7d93ead3-93f0-4a9d-85c3-504328c42e72","Owen","Wright","-","0.0","1",,"RB","Houston Texans",,
"a8a04335-ed7c-483d-bf94-1840bb1c0684","5c195f8f-d952-4f10-bc55-86c994380b1f","Aaron","Anderson","-","0.0","1",,"WR",,,
"a8aa2b9b-2423-45e9-bb1d-4fa7308b864d","8a623b0d-b2d9-4267-a75c-ed2117a813d2","Scotty","Washington","-","0.0","1",,"TE",,,
"a8b9e90d-7373-4281-9232-2935a365318c","9644a956-7ed3-4c3b-bc77-1d14b9412a8b","Luke","Wysong","-","0.0","1",,"WR",,,
"a9239359-44eb-4599-8ea8-d14cb668befd","86748a83-7a51-4edb-aada-ad1e6d317590","Kayron","Lynch-Adams","-","0.0","1",,"RB",,,
"a92c43b2-9752-4e89-8909-7d40928dd56e","4b7d88bc-b34c-4826-ad58-c0b93f89a91f","Jordan","Travis","-","0.0","1",,"QB",,,
"a96d6536-affb-4ff0-bd1f-798f70f9ef97","805e7e9a-65c9-4cc1-a6ee-740bef7c598a","Malik","Cunningham","-","0.0","1",,"WR","Detroit Lions",,
"a996e25b-6967-4dde-9beb-851b6f2fc21c","e6f2b1a2-d911-46c3-82be-e7015ae506cc","Le'Veon","Moss","-","0.0","1",,"RB",,"OUT",
"a9ae9556-600a-42b6-a308-4fc9f2b77826","55c47e3a-418f-4618-bcda-310b0952edba","Kobe","Prentice","-","0.0","1",,"WR","New England Patriots",,
"aa1af8ca-4075-4331-bbd5-e1c7104f15f2","ecb8932a-42c9-4dce-a1bd-e0a0aa21406b","Jacques","Patrick","-","0.0","1",,"RB",,,
"aa1f17f1-7492-441a-8fc1-c311b5d4a4ad","e8c1723e-3ec3-49f0-a83b-c7af9c62babc","Luis","Perez","-","0.0","1",,"QB",,,
"aa4075a4-4e32-42c6-a397-198d21828ab7","85a29e8f-c292-4656-9edb-9dad4a302759","Bryan","Thompson","-","0.0","1",,"WR",,,
"aab483dc-9966-4866-b1dc-4a7a8e8028f7","dfd3ffeb-7204-40aa-afc9-b4abd000c025","KJ","Hamler","-","0.0","1",,"WR",,,
"aabc2a05-fa57-443a-9768-851db93efd0c","c3161dcc-7e6e-46a4-a992-32462e5a364e","Jordan","Akins","-","0.0","1",,"TE",,,
"aabe0bf0-4c02-4402-9384-c38954cc3143","0337e1e5-e3b9-4dd6-9e84-b9d6237aef6f","Zach","Davidson","-","0.0","1",,"TE",,,
"aabff9c8-45a0-4b12-addd-6ac05133737f","835c4d4e-8d95-4625-b5d7-1c6e3a6384cd","Antonio","Gibson","-","0.0","1",,"RB",,,
"aad2c543-8c5b-4bb9-9530-5d432f5779fc","e49e848d-1e37-485e-939d-534e50721502","Montrell","Johnson","-","0.0","1",,"RB",,,
"ab05aa6f-023f-4489-9ea8-f7a53c4a9b0c","da7e7efd-1992-4439-823b-1660049bd00d","Leonard","Taylor","-","0.0","1",,"TE",,,
"ab28a02d-bbc1-4429-b84b-a74c5aea68c8","dfae7416-023b-4d71-a89d-b52e203b2fb8","DeAndre","Carter","-","0.0","1",,"WR",,,
"ab522c3c-3da6-46cb-a881-9394ebcfcbff","95652101-b19a-4d49-b9e7-b0cafe70c3b3","Ben","DiNucci","-","0.0","1",,"QB",,,
"ab6198af-7d16-45a5-a4a3-1318986797d4","cb2a40d6-d642-4833-8d3e-cf3056f85ae8","Maurice","Alexander","-","0.0","1",,"WR","Chicago Bears",,
"abb999d2-85df-4e8d-bcf7-0558f2335666","c762682b-8e99-4a45-850b-4bc9bbdb7a33","Leroy","Watson","-","0.0","1",,"TE",,,
"ac16f938-9f78-4167-820f-093ef3c4f570","f9cefb91-2c73-4e10-8ff2-635c9350577b","Nelson","Agholor","-","0.0","1",,"WR",,,
"acee01db-81d0-440e-9cc9-f716c3e71e77","2ceefe98-832b-42b3-9edf-f3761d8f03b1","Jakeem","Grant","-","0.0","1",,"WR",,,
"adecdb36-7ece-493e-8473-7bffc0ca2595","1780471e-fbac-4850-8e9c-168943f95f1f","Eric","Gray","-","0.0","1",,"RB","New York Giants",,
"ae046de9-0410-4411-b4b2-00eb46be7a5e","879086a0-f8eb-4692-9596-81d2d6391a0b","David","Blough","-","0.0","1",,"QB",,,
"aea34fa8-0828-4187-b86b-e2730cfe24f1","16c96332-6b0d-48fc-a054-0fe191422dc6","Easop","Winston","-","0.0","1",,"WR",,,
"aeca3350-5399-48b1-9522-90419fb59471","8da84d64-bab4-4fdd-ac2d-f6729e5a31a5","Kaden","Smith","-","0.0","1",,"TE",,,
"aef48bae-a49b-42c8-b1e8-5698414905b2","dd6a5a18-8593-4973-93ed-953596f226e3","James","Washington","-","0.0","1",,"WR",,,
"b0f94366-f243-4cf6-9228-0468d6f186ae","7f88e335-8f45-4298-af36-6451c0ea1d1e","Gerald","Everett","-","0.0","1",,"TE",,,
"b13e93c3-ecd1-4daf-b50f-b76dd61dca9d","e335d9fe-6f4d-4331-98db-849609ae5a66","Ian","Book","-","0.0","1",,"QB",,,
"b198b8f8-c530-4dde-9ef1-932c544d111f","a936dce9-c5ac-4849-b5b0-216ad77c674a","Caleb","Lohner","-","0.0","1",,"TE","Denver Broncos",,
"b1d2b29b-8c3f-48f5-8f9b-eefc8e7070be","b6fc1eff-ec88-4523-9656-d9fd6b53a7ff","Ezekiel","Elliott","-","0.0","1",,"RB","Dallas Cowboys",,
"b27f02b6-a7bd-4dcf-9421-dc1e29c49a50","d230d384-a222-4aec-b7ca-a07e7d0b4b16","Deshaun","Fenwick","-","0.0","1",,"RB",,,
"b2c3c64e-cba1-4fea-a8f6-a6d6211a0bf6","191e80b5-c29c-423a-996f-ba8989871efc","Nick","Williams","-","0.0","1",,"WR",,,
"b2cf73e0-eb58-426c-8cb7-be3ceadf6476","cf36add4-e8c2-4e63-a381-3c260485a2a6","Joshua","Kelley","-","0.0","1",,"RB",,,
"b3aa97aa-2920-452b-a6f4-b215dc23d432","6f385718-3d76-4853-9843-d2324108d70f","Marcedes","Lewis","-","0.0","1",,"TE",,,
"b3ca56a5-17ca-4237-864c-fefa2e92b7d2","dbd9f1f7-ce84-4580-b559-240027dddbf7","Brandon","Allen","-","0.0","1",,"QB","New York Giants",,
"b4681cd2-3d0c-4b7c-9a47-ad84aeec6de4","817e9f50-180a-44ea-b422-26bcf62580b0","Jackson","Meeks","-","0.0","1",,"WR","Detroit Lions",,
"b53f4d00-6e12-43fe-b153-958f1a2b86ea","ecdc9d60-8a41-4a9c-ac5f-8c2e317ae109","Ty","Scott","-","0.0","1",,"WR",,,
"b5f0ce30-201d-4767-b059-574dc49b424e","559fb1ff-7e0b-4df7-962f-aa251be64069","Hunter","Long","-","0.0","1",,"TE","Jacksonville Jaguars",,
"b6902a82-9e6d-4e6c-9e68-548bc751bbfa","df22a581-dfb7-4ab1-92ba-15a69e6949cb","Athan","Kaliakmanis","-","0.0","1",,"QB","Washington Commanders",,
"b6efc9b2-2c36-40fd-8dd4-b8b362ecce4c","bc2f280a-707a-4eaa-9979-0d7d64b219ad","Avery","Williams","-","0.0","1",,"RB",,,
"b7260155-d3c8-41ef-8048-99270becd679","3b55e8f0-5c8c-4feb-82d7-4d59b3bc32aa","Tanner","Morgan","-","0.0","1",,"QB",,,
"b7f6c19e-59e4-4ae7-bd8b-5afc13300ca4","7a6976b5-4477-4173-bae0-bd6b1f0e0b94","Irv","Smith Jr.","-","0.0","1",,"TE",,,
"b801fc0c-d2ec-4e7d-8b2e-7e36ef0e8dc7","429bbcac-a81f-474e-9306-00a3888de9da","Keilan","Robinson","-","0.0","1",,"RB",,,
"b8663947-1aa4-457f-bf3f-a6e0ea7f948f","e401a33a-381b-4aef-ab7e-17712db7519d","Kearis","Jackson","-","0.0","1",,"WR",,,
"b86c0980-2c23-46bd-9595-ae40d096cf6c","cefc1262-7ac8-4152-ac80-2d7b11da1cc9","Kaden","Prather","-","0.0","1",,"WR","Green Bay Packers",,
"b87bb3c3-1409-487d-bce6-06cda5980b52","fb4f8919-1a38-43af-a6f0-841403e012ce","Kevin","Harris","-","0.0","1",,"RB",,,
"b88292d4-ae07-4bd9-bed5-53d50bb89884","56af9ed4-c687-48f4-9768-3cf32c29b146","Samson","Nacua","-","0.0","1",,"WR",,,
"b8bd9d32-0566-4f80-87db-ac7e25ffdf5d","f951a6bc-2ddd-47ef-b7a2-58b59d256e3c","Sammis","Reyes","-","0.0","1",,"TE",,,
"b8c5298f-8bcf-4240-bd5b-3e27ae0b140a","b9970e2a-c8c4-49e5-9881-69445b1bdf68","Jahmal","Banks","-","0.0","1",,"WR",,,
"b8c6cf5f-769e-4f7c-bd1a-e2bfd401f066","027b04df-8187-4652-962c-50aebcb28936","Josiah","Deguara","-","0.0","1",,"TE","San Francisco 49ers",,
"b8cdfe9f-f454-4038-a8b5-499334ee7896","e0cbccf5-eb42-480e-a7f9-58a6d8a416cb","Micah","Bernard","-","0.0","1",,"RB",,,
"b916d46d-8d8b-42f3-bd25-073d2dd59ce3","04550c94-f446-4180-8c4b-2146f0cad3cf","Kenyan","Drake","-","0.0","1",,"RB",,,
"b968f44f-91b2-4564-8fe0-e4bc1b040e94","84c71c8e-2b4a-4fc9-b3bc-237325d1e6e1","DT","Sherffield","-","0.0","1",,"WR",,,
"b9741df0-973c-4fd2-acae-b860989d9dcf","3745014e-c77f-4330-ae2f-323525f72720","Gus","Edwards","-","0.0","1",,"RB",,,
"b985fb65-bbe9-4b77-be87-727910f6e170","f823d5ba-3451-4fa6-bc4d-b4d661858906","Giles","Jackson","-","0.0","1",,"WR",,,
"b9c01563-7015-4162-8625-47daee15281a","2087585e-807f-4f70-9a3b-916323f89025","C.J.","Uzomah","-","0.0","1",,"TE",,,
"b9cbbb7e-2795-4a27-a676-a7a8fc0e2c81","8c96de65-f229-4f8f-929e-2fa0b7a2647c","Austin","Mack","-","0.0","1",,"WR",,,
"b9f6bab7-39b4-4dff-8e5f-37e588eeb6f3","d96d2e10-79d6-4ca8-bfb8-383a5a5d4510","Pete","Guerriero","-","0.0","1",,"RB",,,
"ba2126c0-facf-4d9c-bb55-7f2c9e81d104","9be599a1-d7a9-4d85-89b8-cb9b65597fdb","Mason","Kinsey","-","0.0","1",,"WR","Tennessee Titans",,
"ba3785d4-b2cb-4868-8896-88d526a85b92","6d617460-69ad-4329-bab2-9b569c6658c8","Elijah","Cooks","-","0.0","1",,"WR","Carolina Panthers",,
"ba499432-816a-4523-b589-7311b3301d7e","d0686cf5-e910-4d32-9ac7-0437fa011f6e","Raleigh","Webb","-","0.0","1",,"WR",,,
"bac75c1d-2cca-450c-ab97-a33aaa4ce32c","5e4aad4b-1f05-47c8-bd0f-20c11f944bea","Devine","Ozigbo","-","0.0","1",,"RB",,,
"bad8ad69-d86e-4c1d-b105-baf8e0191086","f405f507-36b0-4df1-9bed-afedfe801e3f","Keelan","Doss","-","0.0","1",,"WR",,,
"bb915067-46b5-4ff5-9362-de2ec63640c0","c519cd54-d77e-4938-b276-724d545f2646","Thyrick","Pitts","-","0.0","1",,"WR",,,
"bbe260fc-4607-450b-832a-c813fc0c4fcd","39797425-dade-4b0d-95a9-a9e806d28d7f","Lucky","Jackson","-","0.0","1",,"WR","Detroit Lions",,
"bc262e51-a297-43c2-a0c2-49a6da42f0f2","533824be-28f0-4af1-b0ff-2b14b7429032","Jakobie","Keeney-James","-","0.0","1",,"WR","Pittsburgh Steelers",,
"bc310a93-9dfb-4698-9de8-7c9ceaaebd56","080237bb-9677-46f3-b415-81715ef9ca3b","Bryant","Koback","-","0.0","1",,"RB",,,
"bc50d784-b812-4099-8d32-033204b5ca28","757851a6-79b9-4c5b-af7e-af0fcb9d5f80","Donald","Parham Jr.","-","0.0","1",,"TE",,,
"bc66e095-6478-4243-8eef-e709009a9776","f3ff6f77-e713-4167-9083-5938fd00905f","Mason","Tipton","-","0.0","1",,"WR","New Orleans Saints",,
"bc9c2ae5-145c-467c-8444-f3c0cfc16e59","b09279b5-72ba-439d-b384-4aedddc23b0a","Chris","Carson","-","0.0","1",,"RB",,,
"bd025a42-81f2-47a1-a778-bc5667bb19c1","473028d3-4ab3-4cd4-8b71-a58f80ea8e4e","Dezmon","Patmon","-","0.0","1",,"WR",,,
"bd2ea86f-2941-4f95-8ba2-ca2eec5f48c1","c1ebebcc-f4b2-4bd8-93f8-cec963d9ce7f","Mason","Pline","-","0.0","1",,"TE","Kansas City Chiefs",,
"bda489b5-c50a-42e8-8837-1c4a893cac79","f7ac299c-e688-43f5-9b10-ef5d55f6b691","Zay","Jones","-","0.0","1",,"WR",,,
"bdcf096a-a51c-4167-85f8-a8baeda437ba","352963b7-4096-4f1c-95ae-5818e1060bcd","Eric","McAlister","-","0.0","1",,"WR",,,
"bdf6a7ac-4941-4f36-ac57-ed74916c2007","cfda7604-30c4-46e2-8e15-0ad49955bdd6","Clyde","Edwards-Helaire","-","0.0","1",,"RB",,,
"bdfc6581-939d-47ea-aed7-7d66fd5027da","9e2b4ca7-0859-45fd-8a14-a9f7505bed72","Jaylon","Moore","-","0.0","1",,"WR",,,
"be511b46-091a-46c9-a9e0-6620dfe6d707","42662897-70d7-47e3-a3bb-3886117e770f","Deven","Thompkins","-","0.0","1",,"WR","Las Vegas Raiders",,
"be627f3c-95b8-4b6d-a947-b362d458d40f","dd7fdcf0-133b-4900-81c4-867fa31fd834","Eli","Pancol","-","0.0","1",,"WR","Indianapolis Colts",,
"be62c821-62fe-4204-98b4-6fb46dd7cfb3","2b583c0f-9170-4972-a65b-dedc29a66967","Michael","Gallup","-","0.0","1",,"WR",,,
"bef4a4c4-aa2b-4566-a9f3-342ef3ec9308","bd7b96b3-4fce-42aa-bd2b-b6c350f761ac","Daijun","Edwards","-","0.0","1",,"RB",,,
"beff2875-0239-4513-b160-3a78d1e91f58","7431ac9e-a62f-4721-834e-a9327e2f8797","Paul","Richardson","-","0.0","1",,"WR",,,
"bfd9e94b-4217-4605-b0fc-58d81eeb922a","dc3165c9-7f09-463a-ad6f-ed3e9c1133cb","Justin","Watson","-","0.0","1",,"WR","Houston Texans",,
"c06ef570-ff4c-4140-aaba-cf66a3e11fb4","e3483a58-8c47-4cb3-aa36-449ba8258c8e","Miles","Kitselman","-","0.0","1",,"TE",,,
"c0f7d97e-8353-4e40-83c3-091e43a8e50a","206a29c6-12a2-4cfa-a2f3-c9494b81fb9f","Jake","Briningstool","-","0.0","1",,"TE","Kansas City Chiefs",,
"c242d86f-3fee-4581-aa3f-af81aed4ed5b","6852dd08-3887-4879-adc9-c2541373f43c","Marcus","Yarns","-","0.0","1",,"RB",,,
"c2618607-9953-4685-bc72-0f130f7dcd69","3a961f79-146f-49b9-8be5-0d25f2fa68c7","Beaux","Collins","-","0.0","1",,"WR",,,
"c2d24f2f-58d5-4679-a5b6-1b7ada05658e","82fd7b00-df93-4d7a-938c-c1a9094c49d0","Jordan","Hudson","-","0.0","1",,"WR","Dallas Cowboys",,
"c2de124c-4394-4175-a97a-33c384d2cd59","2855b529-dddf-429a-9e10-ea062d0706cf","Darrell","Henderson Jr.","-","0.0","1",,"RB",,,
"c2e0c38e-aed1-4e45-a0a5-12324b06c929","b96ab86c-9eeb-427f-a54b-53a9a21bc3fe","Hassan","Hall","-","0.0","1",,"RB",,,
"c357f8d1-c85c-4b0f-bb2a-147fd3a77620","f66d75d8-0185-47e9-ad66-541bda7eb752","Armani","Rogers","-","0.0","1",,"TE",,,
"c3986f91-59c1-4503-ba87-d6179cbc1f53","e44959d8-6573-439d-b515-d4fe532ae3a4","Phillip","Dorsett","-","0.0","1",,"WR","Las Vegas Raiders",,
"c3b3ef14-ee23-4813-8ca9-91bdf21c36da","bf94084b-a103-4fb6-a02b-bc093f9f8a1b","Cam","Camper","-","0.0","1",,"WR","New York Jets",,
"c452e835-b50f-4758-8848-8d5939b82656","3ab3fa22-4176-4926-8743-7169f912e774","Rodney","Smith","-","0.0","1",,"RB",,,
"c45b2849-d471-46d6-8d9b-fb6e37ec8718","8aa22065-6bf8-4fee-b0b8-4e58af51f8d7","Neal","Johnson","-","0.0","1",,"TE",,,
"c479afa8-5267-4974-b4d6-b0cfeec11552","007f27db-0883-49fb-b11e-6d741346f648","Stephen","Anderson","-","0.0","1",,"TE",,,
"c4872025-1af9-4829-a2bf-73f13d318756","b0873670-5c95-4134-8926-0b88693aba4d","Cole","Hardy","-","0.0","1",,"TE",,,
"c4acb6e9-cbc4-4ae6-84c0-46d8419c52c1","7c0893a1-8af4-430b-9b4e-d3e1e47cb5b4","Laquon","Treadwell","-","0.0","1",,"WR","Indianapolis Colts",,
"c52252c6-2f6a-491c-b7a3-ae2f2e97fd2f","30e9ae9d-a244-4ae2-8c2b-76ab3decbb0d","Gunner","Olszewski","-","0.0","1",,"WR","New York Giants",,
"c541d114-7273-4d14-88a5-0ab157751940","4a46dd44-ba05-4784-8261-f32612d39e98","Sam","Pitz","-","0.0","1",,"TE",,,
"c54f8f61-5a64-4711-8ab3-65b2e721ce42","0684d766-82d6-4e8d-a99d-9a3ad23b9103","Jamaal","Williams","-","0.0","1",,"RB",,,
"c5b9f8d3-393e-4cc8-ba37-069face76212","f67a65a6-e2f2-4b9e-86cf-4955407f366b","Hendon","Hooker","-","0.0","1",,"QB","Tennessee Titans",,
"c605724c-0a22-4558-ac15-1874b0d354b8","342bc747-0b79-41ec-a21a-80328a60dda9","Quintez","Cephus","-","0.0","1",,"WR",,,
"c60b0b9d-134b-4e04-a427-7e0e648f10c7","76b32911-77ef-4dc5-a24b-94cef51b7f7b","Demetric","Felton","-","0.0","1",,"RB",,,
"c64eaf91-492e-433d-b935-11275ec3dc2f","08804ef2-c983-4ea2-b7c9-325628a1e45a","D'Ernest","Johnson","-","0.0","1",,"RB",,,
"c65ff97d-8dfb-4f0d-bb80-f8b68ee2a7bb","60ecd2ea-8cb6-4de3-b1a2-bea8f2e7e5ce","Michael","Woods","-","0.0","1",,"WR","Denver Broncos",,
"c669f391-1d0b-4f72-b503-b40bb0ba08a7","3b527565-bc5b-4659-9480-559d64eac2d3","Geoff","Swaim","-","0.0","1",,"TE",,,
"c6d4c2a7-dab5-4105-a57b-35dd58ab0b27","8f692ef5-a0bb-467d-b8ca-1cc2e456532e","Gerrid","Doaks","-","0.0","1",,"RB",,,
"c7eefa32-e226-4c3a-8baa-c65890b15375","c079c44b-8dca-452f-bbd0-6aa72420de96","Mario","Williams","-","0.0","1",,"WR","Los Angeles Rams",,
"c7f71582-3215-4c1b-be26-459a92cd949f","68a43be8-4d12-4dc3-9cc2-df895a6d3938","Tarik","Cohen","-","0.0","1",,"RB",,,
"c8066848-97d1-4f74-b851-ed8eb7874b70","3bbf88ce-3649-4fe3-b321-b2026d2e20e0","James","O'Shaughnessy","-","0.0","1",,"TE",,,
"c8a36816-8587-4c0f-ae87-4523d01cb784","5df6c28e-255a-4a53-92fc-53af23fb7b9d","Sean","McKeon","-","0.0","1",,"TE","Indianapolis Colts",,
"c8bbd584-2768-4ef7-bb76-42ac899dbf5e","68dc655d-e697-4753-a723-a759a9911ec9","Derrick","Gore","-","0.0","1",,"RB",,,
"c90951cf-3742-4912-81b8-11e53fe2d862","979eb0cc-91d9-4848-9fea-87ebfeb4b141","D.J.","Montgomery","-","0.0","1",,"WR","Indianapolis Colts",,
"c918a74b-0f4f-474f-9fe8-9b3d770bc2dd","e11870ce-5a93-4ac7-86ae-290e49bef3f3","Davon","Booth","-","0.0","1",,"RB","Cleveland Browns",,
"c92fc074-d375-4d27-a4ed-e6c06795a00c","a74aa498-1fe2-498e-82f7-5bad1429c606","Junior","Bergen","-","0.0","1",,"WR",,,
"c9439b74-3544-427d-a375-89991b239449","951dec08-9612-4865-b891-692e753e0a91","Tommy","Sweeney","-","0.0","1",,"TE",,,
"c9469473-b67d-42a1-8bd6-860c0a0b0c8b","328a3897-8e58-429e-bd6d-657f3b9d4c6d","Anthony","Hankerson","-","0.0","1",,"RB",,,
"c946fe55-abf5-4087-94fb-7093c3a6ed31","1dc3e6a9-ae93-4126-a8ee-f047d9044296","Sal","Cannella","-","0.0","1",,"TE",,,
"c9477106-4d04-4ed7-aa2b-72a97267b022","1d1e6cef-086b-4878-86e2-df303b613276","Hayden","Rucci","-","0.0","1",,"TE","San Francisco 49ers",,
"c95c9805-471a-4e10-885e-957b71552edf","0657d568-8a08-4c0b-8112-61bddce5edd0","Jerick","McKinnon","-","0.0","1",,"RB",,,
"c98bd868-03ed-407e-8303-456ed0ea0bda","133a4844-b2a4-466a-959d-eeeec03eb5dd","Isaiah","McKenzie","-","0.0","1",,"WR",,,
"cb9dc9b2-681c-464b-8bd1-8e5937ffafb4","ac04aaa9-0de8-4c2c-a052-5c0c949f9a7a","Ryan","Tannehill","-","0.0","1",,"QB",,,
"cba0ce58-9a5b-4714-95f7-3cd02b1e9d3f","fedef765-e0cc-42d8-954e-71945c76995f","Anthony","McFarland","-","0.0","1",,"RB",,,
"cbad79fe-222b-4e12-b657-70a251ec9cfa","ed8cdde6-be75-48d4-ac1e-05a49035193c","Dorian","Thompson-Robinson","-","0.0","1",,"QB",,,
"cbbf38b0-5cb3-4764-99d2-f80ff824ad63","a5b45f4b-0439-4586-b35c-895c9e10518f","Gregory","Desrosiers","-","0.0","1",,"RB","Los Angeles Chargers",,
"cbd02400-45a9-46f3-a60e-3e2f133ebad2","b7a950f1-494c-41ed-b0d5-c0423dbef50e","Joseph","Manjack","-","0.0","1",,"WR","Denver Broncos",,
"cc3e55f0-878c-4dcc-a9dc-38a2eed41eac","2542ceae-defb-46af-90cb-5edafffccab6","Ben","Mason","-","0.0","1",,"RB",,,
"cc439401-bcad-4473-8a50-7a49724dcb1c","831ec2b5-84b8-45c7-8da5-1cc8f4ee1500","Mitchell","Wilcox","-","0.0","1",,"TE",,,
"cc8aaf9b-a51d-4b43-9baa-0158862cfb01","10396ac9-640d-417a-905c-08dba1f059b7","Wesley","Grimes","-","0.0","1",,"WR","San Francisco 49ers",,
"cd9b70ff-558b-42c9-96a5-d8077778029b","fa8107ca-2809-4452-810d-81a0c1d49513","DJ","Turner","-","0.0","1",,"WR",,,
"cdb5c8f1-50ba-4a33-a6b3-98769fbbda73","2b137246-eb40-4e14-adf0-7f0287d59ba4","Allen","Lazard","-","0.0","1",,"WR",,,
"cdd8958e-7005-4ef8-9ba9-557e9cd18789","3739608a-97c0-4eef-aa3f-c39b049bd703","Payton","Thorne","-","0.0","1",,"QB",,,
"cdea4fcd-d820-41a7-98a1-70dc04705911","bb2ba945-13aa-4e9b-92ac-bef77ea13910","Corey","Clement","-","0.0","1",,"RB",,,
"ce4b81da-f108-4a3e-891e-cf98d66a5c17","c5d0be73-4304-4ab4-b4a2-b7a9cba329aa","SaRodorick","Thompson","-","0.0","1",,"RB",,,
"cf850fd7-64b1-4b75-8588-580d8190b055","151dd603-9d4c-4f3f-892e-d9d3cfb57400","Emmanuel","Henderson","-","0.0","1",,"WR","Seattle Seahawks",,
"cffb58af-d82c-44d6-9949-3973aaf44ecf","cde08d20-420e-417e-a11d-45fc2a764f2a","Jermaine","Burton","-","0.0","1",,"WR",,,
"d0256a77-55e6-4a1c-a51b-f2247b85f354","b0e51840-b6ab-483b-ac11-8bd6a3e57bd6","Kenny","Golladay","-","0.0","1",,"WR",,,
"d02cd22c-543c-4521-90ac-02a708d79725","deb8afc0-af2d-4d40-b2d7-cb9b3c405e8c","J.J.","Taylor","-","0.0","1",,"RB",,,
"d03498c7-4172-4deb-a25c-1aff3a5ce9b9","7f86d8d5-68cf-49e2-8c8c-9932812eecdd","Noah","Cain","-","0.0","1",,"RB",,,
"d0598e1a-5683-4b9e-a3c9-17cd31f44a32","35ec4c36-31c6-4f7b-b607-e3afb659e758","Chase","Cota","-","0.0","1",,"WR",,,
"d0d9124f-b864-468c-b1a7-04c8933dc331","b3bb8637-2341-4f4b-af01-22c8e6cb9e87","Richard","Rodgers","-","0.0","1",,"TE",,,
"d0eb2fba-8d40-45fc-913a-070cfd2a14b9","3763793e-a9ef-4af2-b711-a3e597c68fee","Zander","Horvath","-","0.0","1",,"RB",,,
"d13170cc-4389-4308-8107-a8a2ec6022cb","648033dc-0124-429a-9a89-7ddb9f195885","Qadree","Ollison","-","0.0","1",,"RB",,,
"d169c5fc-bc90-4022-bdcd-fded72f691be","53ce2974-1b1b-4b46-bef6-236d2dcf0858","KhaDarel","Hodge","-","0.0","1",,"WR","San Francisco 49ers",,
"d16d0985-080e-49b4-9ecd-b0bfe3e7318b","1efead28-a46f-4525-bb80-71f0d05aa7a5","Nate","Sudfeld","-","0.0","1",,"QB",,,
"d235a0fe-73e1-47ad-b5b2-4895d5d43a65","f8bdbde8-afae-4a23-ac5b-231bd7eeeeab","Dede","Westbrook","-","0.0","1",,"WR",,,
"d24730c9-61b3-47ec-bc06-8c1b4a696e8a","cfb45c6c-d0bc-406b-b2a4-16a205031087","John","Wolford","-","0.0","1",,"QB",,,
"d2568253-b073-4655-81b4-3c0b369567ee","fa9c8705-5def-4d7f-88a6-897ff9022d38","Cody","Schrader","-","0.0","1",,"RB","Denver Broncos",,
"d28c3ab7-a1f4-4328-bff2-31ae69b3d0af","164c7dda-98b5-4098-9f5a-afb2f622935b","Anthony","Firkser","-","0.0","1",,"TE",,,
"d2ba993d-f39e-40ac-a4a3-656fa30a0c0f","3e13323d-137e-4cbb-b4b9-731304cda5b0","Ja'Mori","Maclin","-","0.0","1",,"WR","Buffalo Bills",,
"d317f666-5ab9-43d7-9b69-9484934133d9","038298fe-1fd7-4c88-9e8a-1030c48b0786","Clive","Walford","-","0.0","1",,"TE",,,
"d3458d8d-59cf-44c3-b713-6321f22bde94","5608fda8-ef95-463e-9b0c-b91947dc4538","Alex","Bullock","-","0.0","1",,"WR",,"OUT",
"d3552478-ec90-45aa-85c5-38cd3c506c56","b7653257-f52c-49af-865d-f5bd16f4783d","Tyree","Jackson","-","0.0","1",,"TE",,,
"d384b2c1-de32-4489-a30b-5932176ee6d7","9631c9a5-2534-4ba6-a10b-fc62d955644a","Treyvhon","Saunders","-","0.0","1",,"WR","Houston Texans",,
"d38ac272-60f3-42bf-8e83-db010cfdacea","cbd44d70-a500-4e0f-8d9c-a1fa32183aa3","John","Ross","-","0.0","1",,"WR",,,
"d3c650d9-8bb8-4cc3-8fab-cd9d9914b733","7ea783ed-bbef-483e-bd3a-7b34eef06d5f","Phillip","Lindsay","-","0.0","1",,"RB",,,
"d42107bf-4970-4786-a73c-33c97c9cce86","6f2c6b80-e459-40cb-b79c-7c4c85090213","Penny","Hart","-","0.0","1",,"WR",,,
"d45b4adf-3a0f-4082-8787-1f90b69cd2e5","3397ef52-9406-480b-91c2-8759a3f32d42","Jalon","Calhoun","-","0.0","1",,"WR",,,
"d46bead3-d739-45c7-8afb-475767f6e1fd","8e2a76ca-66b4-4b3b-86ca-39d6c16960fa","Kenny","Pickett","-","0.0","1",,"QB","Carolina Panthers",,
"d4ae31d6-4c73-4c8c-9a9f-d3ffff811068","fa35326e-2e59-405f-8913-f7711f5aa054","JaMycal","Hasty","-","0.0","1",,"RB","New England Patriots",,
"d4c4ba5a-24b8-4b83-b400-c77f9d41c787","358e6b1c-92f5-4681-a446-238b520e599b","Trevon","Wesco","-","0.0","1",,"TE",,,
"d4cb0850-7b79-4d90-ac20-6d163b2dad74","f27cd2b4-bf0a-4434-b39d-18f46d1c4909","Jalon","Daniels","-","0.0","1",,"QB","Tampa Bay Buccaneers",,
"d5371c89-1ddf-473c-86d6-0db916242dcf","bcc30f17-0f7c-4772-9303-a6e4439409c7","Dalvin","Cook","-","0.0","1",,"RB",,,
"d5b62f8b-7f4d-4414-a79d-1fef3a7b41e7","681c5989-5f28-4645-955e-dfefb0e221a1","Duke","Williams","-","0.0","1",,"WR",,,
"d5c521f2-3e49-442e-a2c6-16a87088a8d0","91378d4b-35bc-4249-a0e1-65e8719e7eed","Pharaoh","Brown","-","0.0","1",,"TE","Indianapolis Colts",,
"d5c9f1f3-5683-486f-b7ce-9d5a14d93c3e","322a0525-829e-4b37-a8f8-f5a046f1da2f","Corey","Kiner","-","0.0","1",,"RB","Arizona Cardinals",,
"d6576366-9e56-486f-a76e-cb4fd6b1b42c","5596500e-ca2b-44c2-abf0-725506558a5a","Ke'Shawn","Vaughn","-","0.0","1",,"RB",,,
"d6774ca0-56fa-4e4d-b07e-ad27d2a925ec","250f8ea3-aefe-4698-91f5-fa8a9e2482b1","Roman","Hemby","-","0.0","1",,"RB","Las Vegas Raiders",,
"d6829edc-3108-4f24-bdc1-9f074c3399bc","fa5d3daf-e9c9-4f1b-ad98-385d0672da5d","Joe","Reed","-","0.0","1",,"WR",,,
"d76b86c1-2701-439f-9a8f-22f6404e82cc","3bd9f2fd-b8a7-4447-bef7-91d22e5ceb6e","Marlon","Mack","-","0.0","1",,"RB",,,
"d79cfcb4-18db-4e88-81b4-e2b44ecbcb3f","88b7899f-3d80-48b1-8c92-b86845527660","CJ","Williams","-","0.0","1",,"WR","Jacksonville Jaguars",,
"d7b56c66-f827-4d54-842a-6257884e2577","e781361a-209b-4394-b62a-6e4aab5e2a81","Cam","Grandy","-","0.0","1",,"TE","Cincinnati Bengals",,
"d8f48e26-c53c-4f7e-a576-4f6fa49be7f4","b030ee61-d44b-4cb7-976a-2b2d8885befd","Nate","McCrary","-","0.0","1",,"RB",,,
"d969ed06-c31d-49da-8454-20b5b5d2f163","7bc0cdfe-cc3e-4112-8600-001b1ef77ec0","Jake","Funk","-","0.0","1",,"RB",,,
"d97c1da1-4968-4827-b4be-f5e0f86457a9","7b2be660-6197-4866-afed-8410c2eef8c2","Anthony","Tyus","-","0.0","1",,"RB","Carolina Panthers",,
"da30dc6b-f7f6-4b0d-af7e-3ba99325ffb9","dc05839e-c96c-4dc1-b974-58a9a5b7c5a1","O.J.","Howard","-","0.0","1",,"TE",,,
"da524c8f-bbab-40dc-8dc0-5f029a773f03","af9bc7b6-fdfe-4c60-b199-3508e9abad3a","Jeff","Wilson Jr.","-","0.0","1",,"RB",,,
"dac10285-2b65-4149-9faa-8e0851182c57","5eecd2ec-ed9b-42c9-8961-dff74dc889a5","Jason","Huntley","-","0.0","1",,"RB",,,
"dac8ac6c-574c-4b72-b7ab-4e9ba80af577","7cc3f8d2-2766-459f-9498-ae7ddbaa372c","River","Cracraft","-","0.0","1",,"WR","Washington Commanders",,
"db465fe8-6609-4677-af65-be31bb417ba3","e9bf5beb-1eb4-44c0-8017-ffd3abd1badf","DeAndre","Washington","-","0.0","1",,"RB",,,
"db5b22bd-0c6c-4258-ba1b-091a9f6e0583","ef66818f-76fa-457c-b5e1-24fb361be3d3","Giovanni","Ricci","-","0.0","1",,"TE",,,
"db832313-7ece-4e30-a692-23d134440e2c","5d581dd2-e2b8-4a9a-8e74-41ca562f02e9","Brayden","Willis","-","0.0","1",,"TE","San Francisco 49ers",,
"dc6ca62c-5316-4428-bc09-8581d579e4ab","05876f8d-dbe4-4a4e-9e32-171aeec47789","Jadon","Janke","-","0.0","1",,"WR",,,
"dca4a79b-eb8e-4a4f-8551-ba60a446871c","75690f2b-a27e-48c8-a117-58785124a182","Sean","Mannion","-","0.0","1",,"QB",,,
"dca65f99-2322-4401-8496-de532d2bb6c1","a9b50911-9c35-4f9a-ac79-b96e8586d956","Desmond","Reid","-","0.0","1",,"RB",,,
"dd1d5816-8a00-4162-bd6e-b59a429c90cc","9c41bba6-096a-4abc-ac6b-53b2c42a3f2e","Malik","Heath","-","0.0","1",,"WR",,,
"dd4be472-94a9-4f55-9558-1b3245785e37","8465d200-efe2-4fb8-abdf-648e28af2be2","Jalen","Virgil","-","0.0","1",,"WR",,,
"dd4caac7-766f-4bf8-beac-5660d4aabb76","91d0535d-dc7d-4422-82ff-abf56418a388","Trace","McSorley","-","0.0","1",,"QB",,,
"dd6dff8e-35ab-4680-87bf-b2eb7d907a17","0c5747c5-27d9-4faa-bc0c-887636c60262","Zach","Pascal","-","0.0","1",,"WR",,,
"ddc8f6fc-d331-4225-a74c-4e2a25aff022","fcf02ad2-d121-4ad4-a4f3-11286442cebd","Bailey","Gaither","-","0.0","1",,"WR",,,
"ddf1def1-3706-483f-a5fd-147ffe76065e","4815d59e-4f5f-4641-a199-11154721e945","Tre","Nixon","-","0.0","1",,"WR",,,
"de37fb8f-842c-47a8-aa28-f783e8cea55f","8e657894-cbf8-4464-b60c-c9cf9aa2520b","Raheem","Blackshear","-","0.0","1",,"RB","Detroit Lions",,
"de68f864-b934-49ed-93fe-f11233c34f0d","33cf7a00-a356-4475-98bb-337269c244c4","Richie","James Jr.","-","0.0","1",,"WR",,,
"dee7d96f-94af-4237-89e3-10d9362f604d","d125cfb6-8766-4fc5-a436-64c5b0b19dcb","Spencer","Brown","-","0.0","1",,"RB",,,
"df62425b-087d-496f-a1e6-28863e5d148c","47654b75-cd56-45a3-89c4-a20b9e201676","Benny","Snell","-","0.0","1",,"RB",,,
"df7aa747-d7e6-48f5-968b-8e6e6bb9e8d7","75bb829d-b66a-4b42-a2f1-bb7242ecccb4","Lawrence","Keys","-","0.0","1",,"WR",,,
"df8e2560-4741-4a44-af4a-371637980320","3016f3be-0dc1-468c-b102-a44ad9082d85","Shedrick","Jackson","-","0.0","1",,"WR","Las Vegas Raiders",,
"dfa61f4a-df36-4ee7-bd6c-1cb690f7024f","bdf443a9-60ac-4baf-a41f-6896c733cba2","DeMeer","Blankumsee","-","0.0","1",,"WR",,,
"e040793a-8f64-4509-b3df-1ac14ce02ff5","637591ae-e5ae-493e-8f5d-112268e83333","Garrett","Nussmeier","-","0.0","1",,"QB","Kansas City Chiefs",,
"e0490536-e7c4-46e0-ab93-48093dde9c5e","58ff2712-13c2-4025-bcb7-9c7fadac4e8c","Melvin","Gordon III","-","0.0","1",,"RB",,,
"e0529a6c-6f6f-436b-834d-d4aa20999c7a","ad84c9f3-fcd3-4ff0-96cb-ed74c9d14e18","Taylor","Elgersma","-","0.0","1",,"QB",,,
"e0bbc5dd-ebec-4da6-a70b-ae17b29bdee5","36ace6b0-eb4c-496e-9b80-1077e548ba36","Sam","Brown","-","0.0","1",,"WR",,,
"e0d697f9-98ae-4a5a-b0ef-d81ff76998c8","40359144-a3b9-40e1-b1cb-8e9a4d3994c6","Lee","Smith","-","0.0","1",,"TE",,,
"e18c47c2-9ed5-4aac-baec-55eca2b48381","53257145-4148-4069-9d49-37a0a018bcf2","Tru","Edwards","-","0.0","1",,"WR","Los Angeles Rams",,
"e1a92b2d-af1f-4822-88e6-455dc5bf6aea","d784c591-31c4-4729-9172-5b91d69c4df0","Isaac","Rex","-","0.0","1",,"TE",,,
"e1e114d2-53e3-4bc0-b45d-170654073fb9","f79d1f8a-db38-4fe5-a0c2-541b47a542ba","Joseph","Ngata","-","0.0","1",,"WR",,,
"e1e9681f-f0bd-40ac-b13c-0c8b70931514","d6526d21-cca1-4a63-84fe-aeaeeefc7bbf","Tyrie","Cleveland","-","0.0","1",,"WR",,,
"e2643235-78d7-4b4a-b0bc-a604c4658017","3e1e5a1b-a544-4031-967a-2e8ccf5b48d5","Blake","Bell","-","0.0","1",,"TE",,,
"e31981ab-09e6-4d59-984d-be46b6c503e5","19509873-f51a-4cd7-8436-149cbd0009b7","Daniel","Arias","-","0.0","1",,"WR",,,
"e3d0ac98-5523-46d0-88af-036201e9fb83","ae5f5999-10aa-4735-81c6-dbeda5400ad8","Xavier","Gipson","-","0.0","1",,"WR","New York Giants",,
"e4567e17-5345-4172-aa01-bc9ca477e802","729e4a31-90d7-41f8-9c29-9e798040d6f5","Cam","Sims","-","0.0","1",,"WR",,,
"e5de670e-fc83-47cf-ad9f-1b05a691ea68","4c286f7d-da6a-41ba-a471-f1fcad219888","Brandon","Powell","-","0.0","1",,"WR",,,
"e5ef12eb-b548-4105-ba98-de95f6dae2e8","3233ed0b-c669-48d1-9b6f-f2a9b0f25a94","Cephus","Johnson","-","0.0","1",,"WR",,,
"e6164932-1cb2-44dd-bc4b-55ccc21a30d8","edc19ec1-1b0c-43cb-a773-82b8240b64e7","Jason","Bean","-","0.0","1",,"QB",,,
"e65523f2-b9f1-4e66-9c97-ec1f2a7c90b2","392bcba7-0d64-4324-a407-82ca0cc453a4","Patrick","Laird","-","0.0","1",,"RB",,,
"e718255b-bcea-4c79-81d9-c85fc29e86d1","e11fc79e-18ec-459a-835b-fdb566022fc2","Josh","Williams","-","0.0","1",,"RB","Tampa Bay Buccaneers",,
"e71f7e7d-223e-42ae-824d-a63648c1dda5","a9f6b720-1dc6-47e4-8217-714d4b47c829","Hunter","Bryant","-","0.0","1",,"TE",,,
"e7604fd4-aa35-4680-b70d-360747226593","1bc99426-b709-4eeb-bd36-cab96b6717e7","Justin","Johnson","-","0.0","1",,"TE",,,
"e7652661-a4e3-4c45-a027-20fef3708e52","bc7dd508-16f0-49c9-a87c-e5295f27fb2a","Isaiah","Neyor","-","0.0","1",,"WR","Green Bay Packers",,
"e7edac96-c920-4265-8461-8249ccf76e6d","3647507f-2aa5-438f-9eea-2d0c5840fed9","Kellen","Mond","-","0.0","1",,"QB",,,
"e8202dab-cfea-4c71-a10d-f336fa5eda1c","5c160264-7635-4e4c-81e1-f5d24b89a66d","Zack","Annexstad","-","0.0","1",,"QB",,,
"e8312fb8-d6bf-4569-b71e-1857f8f162f6","48239222-45d6-4aaa-95b1-78b0d893d64e","Jamaal","Pritchett","-","0.0","1",,"WR","New York Jets",,
"e8d5e2e4-cf7c-43d2-bc38-a46e73d30f19","bdfe3e78-76b6-48e3-8f58-21c09e84ace5","Rivaldo","Fairweather","-","0.0","1",,"TE","Arizona Cardinals",,
"e97ce5d8-4c62-4d39-b4a7-f0ee1e4e7765","61e751b2-ed75-46b6-9cc1-8cd44c830194","Teagan","Quitoriano","-","0.0","1",,"TE","Arizona Cardinals",,
"e9cde610-3284-4650-adb3-1fdb77a54116","878aad5f-c243-4060-99d4-3dd62c5e7d3b","Zaire","Mitchell-Paden","-","0.0","1",,"TE","New Orleans Saints",,
"e9e8e1f4-1c62-419d-a412-f9c6866a1ec3","adbdef6a-5c34-4563-9878-6473f5490518","Jeff","Smith","-","0.0","1",,"WR",,,
"e9ecfc36-2138-4336-a73f-4f38c9398ecc","6717c6f0-91ec-41b3-8cd1-fa31438b6f71","Greg","Bell","-","0.0","1",,"RB",,,
"ea126c5f-18a8-410d-bec0-089b3ce03367","dcf46004-4009-4b32-8e6f-1111c0038b15","Deon","Jackson","-","0.0","1",,"RB",,,
"ea660eea-18d7-4d0a-8ba2-93c6b0754892","df150a57-30c7-41d8-8f14-77c40cd38fd9","Andre","Baccellia","-","0.0","1",,"WR",,,
"eab31851-afea-4acc-bb7b-55f29b4e2ce9","41218fd4-486a-412c-a5b1-0a08fd36f116","Brenden","Rice","-","0.0","1",,"WR",,,
"eb314f23-85f9-4296-be89-ab129835b276","88f49e7b-9a9b-46fb-8a5e-e86b861d4796","John","FitzPatrick","-","0.0","1",,"TE",,,
"ec6443cf-47a6-4cfc-9764-5143dc235039","65a83e99-c7b9-41c0-8284-7426f8e312f2","Dae'Quan","Wright","-","0.0","1",,"TE","Cleveland Browns",,
"ed066f65-3777-4e8b-ac69-01f449ffe9a3","c86a8455-08b6-4bb3-bd21-9ac7fe093ae9","Jonathan","Mingo","-","0.0","1",,"WR","Dallas Cowboys",,
"ed7e8de5-7dea-45b9-846d-b9569f8fcfe0","f3a5c04d-f5af-4f6c-8cf7-7af190f50cc6","Chris","Evans","-","0.0","1",,"RB",,,
"ed97d0ed-5eb4-4f7a-b6b5-0a4901e45ecb","09e53f61-1fb8-4e59-972e-52522e99170d","Trey","Burton","-","0.0","1",,"TE",,,
"ed9e5644-6525-4f11-8bdf-01f96cba0c99","7f1cf8a9-3ce8-4909-97f1-ca6a599cef35","Malcolm","Brown","-","0.0","1",,"RB",,,
"ee1e75e0-3074-4194-9f6a-cfe86e662006","36cf3d9c-96fa-4d67-91b0-5567796434f2","Austin","Stogner","-","0.0","1",,"TE",,,
"ee247e6f-bdbc-41bd-99a3-5374b044088c","dd7b48ce-9fde-46eb-b03f-45e8274cf326","Jalin","Hyatt","-","0.0","1",,"WR","New York Giants",,
"eec4614d-e44b-4668-baf2-f549f72c9265","7736b474-9b7b-4ed4-9c89-2ecd798e7d76","Reid","Sinnett","-","0.0","1",,"QB",,,
"ef0e1f8a-17ce-4fc9-b983-bf03953d5423","e8ab7ee8-c216-4365-84d1-97071f48a673","Austin","Jones","-","0.0","1",,"RB",,,
"ef2a6a04-6ff3-4587-878a-c60b0b27fd03","03ab24d3-6ea1-4858-b22e-640d69fe9648","Abram","Smith","-","0.0","1",,"RB",,,
"ef2e6b0d-a03c-4d3a-8df4-0c5d237a37bb","fb67117b-3c07-4ae3-87d5-3d7a5f4f94f6","Casey","Washington","-","0.0","1",,"WR","Carolina Panthers",,
"efb7cf85-1017-418f-9f51-e0592b1bdf92","ba4bb100-459d-4c8c-9d91-2e4194d27806","Jacob","Hollister","-","0.0","1",,"TE",,,
"f0d380d9-5ae5-4b59-8030-036af0b0c81c","75b58a21-6cc1-43ed-832f-a702fec0ef07","Harrison","Bryant","-","0.0","1",,"TE",,,
"f143ef39-c1fa-4a7a-a227-3d65000b735a","53ffaf45-c3aa-4a6c-a459-0a5259b4f104","Trey","Palmer","-","0.0","1",,"WR","New Orleans Saints",,
"f1817a82-081d-48d3-83bc-8b357f6e4104","ccc6bb24-a809-4722-ad5f-9946dad7d06d","Kyle","McCord","-","0.0","1",,"QB","Green Bay Packers",,
"f1c56b4e-09ea-47c5-81ae-e0e0b4d228f7","5c8a31c4-6731-4d82-a770-ba31821ab109","Kobe","Hudson","-","0.0","1",,"WR",,,
"f21872c8-6202-45ff-9fd4-0153f66aba86","7cf73b21-7869-405e-8239-80c658ea3768","Kelly","Akharaiyi","-","0.0","1",,"WR",,,
"f24e4a19-ef72-4802-9049-cdbc9333ff8c","fa43b405-701c-465f-af8d-76723fe36781","Matthew","Caldwell","-","0.0","1",,"QB","Los Angeles Rams",,
"f25ef72d-5faf-47cc-be41-2eee1a266bce","a5b828e4-f1ea-4f9c-a95f-583e82eae5a2","Jashaun","Corbin","-","0.0","1",,"RB","Dallas Cowboys",,
"f28e935e-dc12-4862-b259-a1f8eb44c264","828e279b-2c87-4d90-ab2e-2b7b37889e9c","Samori","Toure","-","0.0","1",,"WR","Philadelphia Eagles",,
"f2cd1b06-0248-4691-9e06-afbad00be490","9525a6fa-2259-421e-8f69-50df349c6a82","Cornelius","Johnson","-","0.0","1",,"WR","Baltimore Ravens",,
"f3197f1e-48bd-4500-9c3f-68717e8f41d8","3d04078f-82ec-4b45-8291-aa5b08221d4f","Matt","Corral","-","0.0","1",,"QB",,,
"f34d0e70-59b8-4881-820f-4b843e692171","d4baf681-84a9-4ed2-9373-f02e30ce4d69","David","Bell","-","0.0","1",,"WR",,,
"f367e3df-5853-4046-b152-99047d548e49","0bfaf498-3324-4f13-9117-acc85cf3cdb8","Brennan","Presley","-","0.0","1",,"WR","Los Angeles Rams",,
"f3730035-ed56-4692-951f-4bab00f5c935","7ba348a3-0a0a-4134-abd6-bf86cea35828","Chester","Rogers","-","0.0","1",,"WR",,,
"f3cc8fc9-6e89-40be-8c3b-4faad71de7b3","68eaa5cf-1831-47b4-b85a-36fd85d64d66","Greg","Ward","-","0.0","1",,"WR",,,
"f3cf223d-4507-4121-a36a-d01ada8b6360","0d07de49-9bdc-455c-9dbe-b942e057b5d0","T.J.","Luther","-","0.0","1",,"WR",,,
"f4a6bb79-b454-48d5-98f8-a5a80b5f8aad","8b75445a-ed27-4e97-97a7-8dae86f1f722","Quez","Watkins","-","0.0","1",,"WR","Philadelphia Eagles",,
"f4b6341f-4330-4671-9011-f402058c4a79","ee408b18-26d1-45e8-bad0-2e7811adb3e5","Brian","Hoyer","-","0.0","1",,"QB",,,
"f4efa006-cffe-428b-80c0-f7d7361a05a9","148989d7-36a1-4ec7-aa53-656543f3a7e6","Dontae","Fleming","-","0.0","1",,"WR","Minnesota Vikings",,
"f5d08b08-7293-4d9d-a046-0be9e82df339","786239f0-1d51-4b4a-8558-cd43db2113e9","Michael","Bandy","-","0.0","1",,"WR","Denver Broncos",,
"f6e1c0db-70bc-4afc-8e4f-a50109f1d393","146c4232-80de-4728-9ffe-dfe4118cd20a","Chris","Conley","-","0.0","1",,"WR",,,
"f703e0bf-4f2b-42a1-a17d-0eab97cf6708","5665f588-ed9b-427c-b4a7-ed347aa59707","Drew","Plitt","-","0.0","1",,"QB",,,
"f7984479-43bc-4903-94f1-818051aa7b81","49f7cb7c-4189-45e4-850e-378edd08b32b","Dylan","Parham","-","0.0","1",,"TE",,,
"f79aed75-4a82-42aa-8487-c40c304661b1","d0c282f2-25e3-4ef1-bd7c-2a0e91425a5c","Mac","Dalena","-","0.0","1",,"WR","Buffalo Bills",,
"f7f1b598-7786-47c5-adf1-56e6990aa466","2c03f26f-0839-49fc-b351-f877c7afa0f4","Carlos","Washington","-","0.0","1",,"RB","Miami Dolphins",,
"f8252ac4-be59-4012-a308-a982c57d1e2c","f24db425-614d-493d-a7ba-fe40acd1cfa4","Marquise","Goodwin","-","0.0","1",,"WR",,,
"f86ab461-15c8-41ec-aa57-a3dcf0ae046a","01ba4181-6f64-4bf1-8d52-8e4d18e7d8fc","Jacob","Kibodi","-","0.0","1",,"RB",,,
"f8899da4-7e51-4ab4-a78b-ad68d20e0632","71693042-40f2-413d-b49d-17d923313d7b","DeeJay","Dallas","-","0.0","1",,"RB","Jacksonville Jaguars",,
"f921b210-813b-4d2d-b399-071c6c3232fd","b3c9e9a3-1a3c-4e49-9806-be7d1399ed0c","E.J.","Jenkins","-","0.0","1",,"TE","Philadelphia Eagles",,
"f99e6a52-4452-4127-ad79-f73e87b3cd38","1e8d3d2c-b9aa-4d4e-b9a6-8e3cd2b01e33","Hunter","Renfrow","-","0.0","1",,"WR",,,
"f9bfd7d8-e949-4ae4-8e66-4a1fca3f8658","44aba8e5-5c9d-48f4-855f-926414a6be2e","Dillon","Johnson","-","0.0","1",,"RB",,,
"f9dafed2-8569-43dd-8cf7-478739258977","d9e72afb-136d-4ddc-a451-57cb0476d5c7","Cooper","Rush","-","0.0","1",,"QB","Atlanta Falcons",,
"f9e6994d-dc1d-44ab-bab3-52d5e36759b6","99ccfbb8-7aa2-4e4e-a202-fd795175352e","Chris","Oladokun","-","0.0","1",,"QB","Kansas City Chiefs",,
"f9f08d71-3081-4f41-9e37-7b924327e434","94ac9789-6936-4291-bad4-b39735197545","Caullin","Lacy","-","0.0","1",,"WR","New York Jets",,
"fa43e8f5-e38b-4efa-9a67-9cd8eac96041","15c150c0-eeb8-4228-b98b-391a20464ef7","Eric","Tomlinson","-","0.0","1",,"TE",,,
"fa980a49-276d-49c4-83ae-70afa69c4daa","5b340de6-8258-4cdd-80d9-a8fc401c3db9","Royce","Freeman","-","0.0","1",,"RB",,,
"facfe515-b789-44ca-8ff3-9a7f56d6d0de","b2d338bf-b8f0-4594-855b-1092a6ffb834","Tayvion","Robinson","-","0.0","1",,"WR",,,
"fb0b1ce4-1bf0-48da-b830-5904563cafbe","73ac7862-53ff-4c34-8941-0ee2dd78fb06","Cole","Fotheringham","-","0.0","1",,"TE",,,
"fb324451-3c3c-40d7-a1fe-859c7d36630c","30b931a5-30ce-41a7-ab80-76262f13ead2","Jack","Plummer","-","0.0","1",,"QB",,,
"fc744a2d-b798-42a7-92f9-c34d09dba8e0","c416383c-a073-4c95-b98d-95f973469ee2","Nyheim","Miller-Hines","-","0.0","1",,"RB",,,
"fd0898b6-c7cb-413e-978e-dd1c37905f7f","eae12782-d24f-4a99-8eee-7e189a629e37","Tyler","Davis","-","0.0","1",,"TE",,,
"fd7bac25-4494-4e40-811e-4f3fea9c630a","e13ef851-71c4-44b7-a5d6-71b594dc307e","Johnny","Mundt","-","0.0","1",,"TE","Philadelphia Eagles",,
"fe1bb862-611a-4153-b9ca-68e14dcbe2ae","8d2e7f39-0543-4c93-bc3b-fe9bd7267ce5","Patrick","Ricard","-","0.0","1",,"RB","New York Giants",,
"fe9643ba-bb82-40c3-82e9-97cb2349dd38","8cd958e5-1a31-4200-af0f-706c15f35aa5","Daylen","Baldwin","-","0.0","1",,"WR",,,
"ff8598d1-4617-4b51-a313-89a3d232cd7f","c075c847-51be-42d2-ba00-d6987fd8afc2","Graham","Mertz","-","0.0","1",,"QB","Houston Texans",,
"9be9251c-16f7-4dc7-948b-30346f83a83f","7621d46a-ac9b-44c5-9f75-b6a315deb280","Chase","Curtis","-","0.0","1",,"TE","New York Jets",,
"0068ccb0-6aeb-457d-8a12-a9edbf4e8efa","067592f0-6509-4c49-a013-d08e5d512b6a","Jacob","Eason","-","0.0","1",,"QB",,,
"0075d41d-806c-4a74-89ed-5e7f2e8f98df","a9ff33be-2c41-480a-84e9-16d6f85c99a6","Dontae","McMillan","-","0.0","1",,"RB","Baltimore Ravens",,
"008298fe-9830-4dbf-b54a-1f5537679b50","90254d27-8b68-47b3-a0b8-80acf507f0ab","Matt","Barkley","-","0.0","1",,"QB",,,
"00fe3d3f-d9a2-4438-8c83-16212b5b1326","de3aa862-92f1-430e-ba20-bb079f1591e8","Nikola","Kalinic","-","0.0","1",,"TE","Chicago Bears",,
"01a01cac-e08a-4ba5-8aed-2044e6fd95fd","d2dd8436-1694-45fa-99bb-38b95be026f5","Tucker","Fisk","-","0.0","1",,"TE",,,
"01bfcf0f-654c-4518-bbfd-4eab66065f74","dab88fd5-33ee-430c-9c8c-b8be161b04ff","Shaquan","Davis","-","0.0","1",,"WR",,,
"021ea1dd-ac18-4ce7-bf43-0520ab2dd6b6","e17ac4d4-2111-47bd-87c4-e6920d3775bc","Devin","Leary","-","0.0","1",,"QB",,,
"02256e5c-b4d9-40cd-8d44-e78bee3601c7","fec68604-2ae9-42c6-ad70-04ec8637fbfb","Will","Pauling","-","0.0","1",,"WR","San Francisco 49ers",,
"028fdc39-3526-443e-9f46-d9959122913c","4af471ed-cae0-42e8-b4fc-42b7256a675c","Chris","Collier","-","0.0","1",,"RB","Las Vegas Raiders",,
"02af67cd-32c2-49af-9b9e-e15f5eb53cd6","e04f8dc6-aca9-4104-8a2b-f2f876f70bb5","Elijah","Dotson","-","0.0","1",,"RB",,,
"02db71b0-ee55-4766-82b7-b61f0ec88995","51610023-733f-441c-8343-e6843733e367","Je'Quan","Burton","-","0.0","1",,"WR",,,
"02f11aa3-bfc1-4a83-80ae-328699b202df","fd7f1d74-c4ba-4309-9ae7-b3bf35dcd390","J.P.","Holtz","-","0.0","1",,"TE",,,
"030d7591-7a6a-4dc3-b2f7-b52d2c206ca5","e71ae77e-dcbd-43d8-96a1-c986d2b5da7d","Rashard","Higgins","-","0.0","1",,"WR",,,
"03535e32-3fcd-4119-b5c1-aadd07464b96","e437bb76-664f-4432-ae52-ed32f979bfb1","Emani","Bailey","-","0.0","1",,"RB",,,
"03b8019c-4087-4774-88b9-8fcbd2d1adb7","a87e5777-3663-4c87-8c62-fbc4459def1e","Antoine","Green","-","0.0","1",,"WR",,,
"043500e4-2921-49ad-9e48-1ae44906936b","3e3f5b2f-dd17-4f48-ab56-fbd6cc7a61b8","Mohamed","Ibrahim","-","0.0","1",,"RB",,,
"0475f1fb-be62-4206-861a-73a712123526","47d66d75-6983-4038-a54c-c81b9db1f9b9","Davion","Davis","-","0.0","1",,"WR",,,
"055f628f-17ad-4848-91be-971ab3c010e5","1d5d5f54-8d45-484b-8da7-25391166885e","Jordan","Murray","-","0.0","1",,"TE",,,
"05c12f9e-58cd-4596-8d6d-2e919b1e5a99","5f1b36de-f199-4398-baa3-d67458035896","Chris","Blair","-","0.0","1",,"WR","Atlanta Falcons",,
"05c7ee16-ac4b-496a-a530-213e79de37ee","c07f46cc-74e0-499c-bbd2-4ded07133e90","Octavion","Smith Jr.","-","0.0","1",,"WR",,,
"05e67ad4-0d4c-4b12-b636-32edebb34448","45e4720c-7037-4edc-8ae1-d4ddff5a2fa0","John","Copenhaver","-","0.0","1",,"TE",,,
"05ef7d55-6cd4-467d-a923-0b9d51f61d3f","078c2be9-969a-442a-b799-f5b5377d4811","Jason","Cabinda","-","0.0","1",,"RB",,,
"06240270-aaf7-4fbc-805a-7f3f100831a2","d36a2a04-0fcf-40e9-bd55-2fcf59220920","Chris","Hilton","-","0.0","1",,"WR","Green Bay Packers",,
"062b4eb7-b463-442e-83bc-29a519fd63dd","4f0afbcf-ad42-4fb9-8661-0458d8a11859","Cordarrelle","Patterson","-","0.0","1",,"RB",,,
"06ccae76-28bf-4df2-9be6-5741dea475ad","f27a6caa-fb96-4a55-a5a3-7bddbcadeb99","Montorie","Foster","-","0.0","1",,"WR","Seattle Seahawks",,
"0716e2ae-17c7-41d4-9983-b2d22db67341","f7ef84ca-e233-4d95-8f94-79cc6977857f","Jalen","Wydermyer","-","0.0","1",,"TE",,,
"0749691e-6412-437c-ba50-48a855399d1b","31f48b13-4e12-4079-876e-71d823ac93dd","Sam","Scott","-","0.0","1",,"RB","New York Jets",,
"0753af44-6ddf-4e02-a5cc-e972e56a604c","61f68938-7282-490c-80ad-bab4b95128e2","Jack","Westover","-","0.0","1",,"RB","New England Patriots",,
"078782cb-2cb2-4176-be26-285377fee852","b245e35a-861b-4de5-8c65-ac63b3ab3444","Devon","Allen","-","0.0","1",,"WR",,,
"079362e5-4d8a-48f1-8886-0f5efd7c4455","1fbae699-298d-4e63-ae82-e085e70376bf","Jordan","Waters","-","0.0","1",,"RB","Los Angeles Rams",,
"080c9221-4524-49eb-b8cd-117ebb8f0258","82f724e7-398a-4875-baa1-c081991ff3d0","Robbie","Chosen","-","0.0","1",,"WR",,,
"0839d4d0-fcb9-4614-a8b4-3c26447b55a2","bbc2b540-8a00-4d9a-b814-1eec5e92c75b","Alex","McGough","-","0.0","1",,"WR",,,
"0884c618-697b-42c2-860f-8066be2f3cd4","cb2b83bb-370c-43b0-88a5-82b516100865","Trenton","Irwin","-","0.0","1",,"WR","San Francisco 49ers",,
"08d8819c-fc4d-4691-aa9d-662ee68c1547","d09c7110-5c4e-4eb4-8b2b-5c9383bbc0de","Juwann","Winfree","-","0.0","1",,"WR","Houston Texans",,
"09491e97-f992-40db-b6c9-bb4470a530c7","51acbf2f-966d-4213-8c23-b482a4f2e263","Ronnie","Bell","-","0.0","1",,"WR","New Orleans Saints",,
"09e292a0-80a5-4528-8133-b36279a00e37","691aee8d-62bc-4143-8e79-cd435ea6da94","Jerjuan","Newton","-","0.0","1",,"WR",,,
"0a28f2c8-c3f4-4553-8338-064c88373a59","6fde0433-6954-403d-9a0c-8357dbc47c09","Rahsul","Faison","-","0.0","1",,"RB",,,
"0a60c151-2b9c-4ab9-83f5-b8b673504a0b","327c2823-575c-48df-b3e7-a022ce7053b7","Ellis","Merriweather","-","0.0","1",,"RB",,,
"0ba075ce-e1af-45c8-86b1-25b3eefe67d4","44608555-7be1-421d-8892-edd66c0abcb6","Jalen","Richard","-","0.0","1",,"RB",,,
"0ba6f3bc-179f-45e8-8004-5a5594bcc1ee","1f163be4-3dff-4eb1-8b32-86da677ab672","Tanner","McLachlan","-","0.0","1",,"TE","San Francisco 49ers",,
"0c52c708-ca94-4b0f-94fb-285b8ac21682","ee0509c7-82c2-428a-b884-8517a4ceb0e0","Brandon","Dillon","-","0.0","1",,"TE",,,
"0c56c6e5-bc14-466b-af48-ded87c59aead","1c56c16c-64ad-4ba5-bcc7-5d6dfe949568","Malik","Rutherford","-","0.0","1",,"WR",,,
"0cece5ec-6dfd-4e54-8b8d-2ea5a4127406","1d827b60-fd88-4709-b1a2-7abf44a08163","Nsimba","Webster","-","0.0","1",,"WR",,,
"0d1be0d4-d27d-4730-97a4-582f0e046bb4","d3040abd-11b2-4c94-b5da-c9396d813955","Deonte","Harty","-","0.0","1",,"WR",,,
"0d36e660-67ab-4751-9fd9-4d4f2a2bfebb","5d5a1f81-59a3-4adb-8144-c19c89214c0c","Snoop","Conner","-","0.0","1",,"RB",,,
"0d8a30f9-d215-44ef-9852-30dc586360f8","9b3d4373-be77-4ffd-9510-372f04c37f19","Kedon","Slovis","-","0.0","1",,"QB","Arizona Cardinals",,
"0da9e1a4-cde3-4b92-967d-1abbe18f167a","0c0df20f-709a-408e-99fd-8cfaee14d56a","P.J.","Walker","-","0.0","1",,"QB",,,
"0db63f14-84b7-4f06-bff7-568acb376f9f","a6950df6-2b6d-4155-883e-797e34d2ca08","Miller","Moss","-","0.0","1",,"QB","Chicago Bears",,
"0dd44066-e525-42b0-a736-783ae275b270","c576e13c-880b-4d4f-b275-23fb789abb72","Dan","Villari","-","0.0","1",,"TE","Los Angeles Rams",,
"0e531364-c59e-4d0a-8f9c-4bc1804decf2","1a460d42-fb92-4617-a034-83a815fdee35","Equanimeous","St. Brown","-","0.0","1",,"WR",,,
"0f003f62-a67b-452b-8456-4841ab1c60d9","70e187cf-9b30-4033-8793-badc5f24cdb2","Ayir","Asante","-","0.0","1",,"WR",,,
"0f75b9d7-b1e5-4b06-937e-5b78879e3690","bcedd3bb-a8a1-43ef-b90a-194fd9d2ef86","Braxton","Berrios","-","0.0","1",,"WR","New York Giants",,
"0f9bd98e-4c39-47ee-b533-3455ed174433","cc26c0b6-0745-456d-9927-882a10f9b7bd","Makai","Polk","-","0.0","1",,"WR",,,
"0fcd57cd-b6e0-47d1-80ed-f23be5723350","87bffdee-49fc-4ffd-bd20-43522dc8e23a","Nathaniel","Peat","-","0.0","1",,"RB",,,
"106b1d46-93ee-4292-981a-c95a82f96e30","8fe5fb02-b5f7-4b73-a89e-4b246cb3026b","Jesper","Horsted","-","0.0","1",,"TE",,,
"10d18013-8350-4a34-aaa0-fc92cbfc2514","b1fa01c2-938f-4ef1-8f2c-42716237a892","Taiwan","Jones","-","0.0","1",,"RB",,,
"1207945a-c973-4116-82f6-cb569ec49eef","8ca9acae-f08f-4a8f-acfd-f944a1586938","Lorenzo","Lingard","-","0.0","1",,"RB",,,
"12702058-fff6-4c57-9a3c-8500cf55ece2","6bf1a468-8372-4d82-8fea-0ed37650ed23","Ricky","Seals-Jones","-","0.0","1",,"TE",,,
"12bddd93-4c86-413d-82ce-5a96e5df6513","ba4690de-3c08-46eb-a1f4-cc203f71f841","Donavon","Greene","-","0.0","1",,"WR",,,
"131a2668-385b-4683-9921-e8c5a76c1981","a0735cfc-a6bc-4082-ba86-548d9cbf1f73","Luke","Lachey","-","0.0","1",,"TE",,,
"1339cd7b-5011-4f84-80ff-f762d320b44b","75b9a5f3-1825-4653-8a8d-28d114adc1f3","Nathan","Peterman","-","0.0","1",,"QB",,,
"13698d1d-b70a-42f0-bad2-6918432f72a3","b2fedf9b-ecf0-4f8b-af7b-bd0920ea45b7","Corey","Davis","-","0.0","1",,"WR",,,
"13814478-6074-43f8-8baa-17a4278c9ce6","98e7c9a5-fb95-4ece-882d-886254c70e8b","Robbie","Ouzts","-","0.0","1",,"RB","Seattle Seahawks",,
"13934205-91a2-44ee-a24a-261fd4f1e5cb","c69d5b8f-c689-48ec-b36a-f127a261b73d","Jake","Browning","-","0.0","1",,"QB","Tampa Bay Buccaneers",,
"13c12c54-0ca5-41e4-b7d8-a5d80cccd58c","7ea00793-952c-4b99-871a-eea575a9f233","Sam","Pinckney","-","0.0","1",,"WR",,,
"13cdb820-2685-4faf-9134-c0fb8c4df16d","58619510-459f-4cd1-b79b-0c2075d57cd3","Sterling","Shepard","-","0.0","1",,"WR",,,
"13da5364-98cd-475b-bc5a-a50fca672d74","24baafba-c81b-4242-a0bf-4ec198608324","Desmond","Ridder","-","0.0","1",,"QB",,,
"13dc95af-69d6-4f0e-a4a3-d1ced902ec90","68174c3a-e18e-4623-b8e0-29c831b5cc65","Travis","Homer","-","0.0","1",,"RB","Pittsburgh Steelers",,
"13e186dd-5938-490d-a89c-b88b65c70195","dfa3e21d-95fc-4c0e-8c78-88c3d78c2123","Caden","Prieskorn","-","0.0","1",,"TE","Carolina Panthers",,
"142d0168-3f73-4e76-a5b3-cf9229aa4bb4","c7c9b021-3d8c-47b3-ba54-fc3fc591376c","Bernhard","Seikovits","-","0.0","1",,"TE",,,
"14653718-0b6c-4fad-a92e-e110ecbd72de","8d5fca39-4681-4baf-9149-39eb2cd82bea","Randall","Cobb","-","0.0","1",,"WR",,,
"146b2b85-893d-4538-8c04-6818d35a7702","2e193d3d-e4e0-4147-bcb9-df418cb749dc","Michael","Ezeike","-","0.0","1",,"TE",,,
"1494ec05-d52a-4838-8581-803c552bbe9c","69c25af4-79b5-455c-9a83-9a7b1d7346d8","Tejhaun","Palmer","-","0.0","1",,"WR","New England Patriots",,
"14e75724-a776-4fc9-b856-b0bc25f63cd8","3cd91567-2eb5-4a43-a64d-59a4235e5508","John","Kelly","-","0.0","1",,"RB",,,
"15b3cfd9-8818-4667-8ad2-8fb4184aa7f8","8bc4c091-5e1a-47db-a7ca-fc32595e42b4","Racey","McMath","-","0.0","1",,"WR",,,
"16acfceb-fb4e-424f-aa7c-e0a6ea4bd360","80db90d0-8057-446c-b2bb-e4d67f357a25","Elijah","Moore","-","0.0","1",,"WR","Philadelphia Eagles",,
"1736b17c-9d80-4e76-b183-4b372f785b06","a6ae1e0c-62a2-4735-8cb8-8e2d30fbba2d","Case","Keenum","-","0.0","1",,"QB","Chicago Bears",,
"173c7cef-2486-4425-8b2c-c17144b3a7c9","7c35e934-a10c-42d0-8444-f7df484fa658","Dai'Jean","Dixon","-","0.0","1",,"WR",,,
"17836963-1abf-45a3-b1b9-3b2727c4b136","b067967c-394a-47c8-8863-4d14b7d1d254","Dax","Milne","-","0.0","1",,"WR",,,
"17883617-9f03-4484-b332-ce71d908c307","0a87e4f7-9666-40f6-bbe0-7ab0e15d21e0","Derek","Parish","-","0.0","1",,"TE",,,
"18600083-d7e2-4089-b7c7-b8f5e090b17e","43873831-e925-49a4-b349-ba44f0df0441","Jesse","Matthews","-","0.0","1",,"WR",,,
"1866b0b4-4214-46b8-b9a5-f7c67c189c1b","714d5c65-5248-4e1b-97db-fb6a32344d5f","David","Wells","-","0.0","1",,"TE",,,
"18996677-46da-41d2-ba75-b041a49c7b1b","cf3ef49c-dc3b-4645-9300-7daa2d659787","Squirrel","White","-","0.0","1",,"WR",,,
"18cfcf6b-32b4-42b5-8ae2-567daa73d8e3","2d1cc4cf-0217-47b8-ac69-23e008276426","McCallan","Castles","-","0.0","1",,"TE","Green Bay Packers",,
"18eb20ca-0752-4087-967c-fa7a014c2d64","506a28be-3709-494b-9614-7aeaa5d96b5f","Seth","Williams","-","0.0","1",,"WR",,,
"18f1f07c-deb5-48cc-a5d3-b87e903d4aed","caaf511f-e1bf-43d2-8136-feed56e7df8d","La'Michael","Pettway","-","0.0","1",,"TE",,,
"190e7e5e-0baa-4e6c-bd1a-fc8dbe529561","4b3133c5-d824-409e-b743-e51aec5d3789","Ainias","Smith","-","0.0","1",,"WR",,,
"19bb8f1b-caed-4cb1-97f0-33e4fc55583d","a78c336a-f043-4845-b2d3-47b48a24a214","Chris","Pierce","-","0.0","1",,"TE",,,
"1a02d1db-e6b8-46d1-b300-7b4b1ed36585","ef44b171-1cde-4949-8a3c-411ecd79d3df","Michael","Jacobson","-","0.0","1",,"TE",,,
"1a08f089-2460-4612-bf2f-e13615881104","6081a58b-7ae0-47e1-add6-c028d14c53e2","Albert","Okwuegbunam","-","0.0","1",,"TE","Las Vegas Raiders",,
"1ac97945-beb7-4535-8afd-f72d926b273e","bf2cf626-85d3-4ddf-b1f5-93d0b933c610","Kole","Taylor","-","0.0","1",,"TE",,,
"1b3d0b6d-700d-4899-846c-0916ed00130c","5c993c9f-7cfd-46d5-9a0e-986ab1c27b2f","Brenden","Bates","-","0.0","1",,"TE","Cleveland Browns",,
"1b653273-7c78-472f-92a4-fec36c0a2b06","46f5c977-369f-4672-805b-d5f3b61601a0","Justyn","Ross","-","0.0","1",,"WR",,,
"1bb306e6-08e4-497f-8522-9c8601153e40","492e4cc2-bf84-4497-8c05-7d93c82b5e9b","Jamal","Agnew","-","0.0","1",,"WR",,,
"1bdf1e5c-d589-4348-b5a0-3d4ddd337f40","1af1ed2e-49c5-4e89-8e19-d0492d2dde71","Andrew","Beck","-","0.0","1",,"RB","New York Jets",,
"1c53e50f-27d0-4897-837b-c52b49f23d6f","ac4c7470-c683-4e07-8768-086db0598961","Dymere","Miller","-","0.0","1",,"WR",,,
"1c9a1ba8-d383-43af-97c4-4aec638a17d6","cd2ba131-3706-4ce1-9e6d-7eb957f5a6c1","DeWayne","McBride","-","0.0","1",,"RB",,,
"1cb03960-3151-439f-808f-375bcbc27993","ec48e303-ab67-4b04-b244-cfd42d267334","CJ","Dippre","-","0.0","1",,"TE","New England Patriots",,
"1cc64623-05b6-4f77-8621-c50de632a46c","531f52ff-5f9d-41fd-a094-df76ef6db136","Alec","Ingold","-","0.0","1",,"RB","Los Angeles Chargers",,
"1cdaffd6-016e-4db0-bf33-2ef0b1d5515d","c4ab1bb6-8cd2-449f-a528-b05774879d63","Dallen","Bentley","-","0.0","1",,"TE","Denver Broncos",,
"1d1ddc75-3583-49ff-8d61-1c48d210b7cb","a02d01f6-0760-4c97-8101-ea1e670af341","Zach","Gentry","-","0.0","1",,"TE",,,
"1d4391cb-043b-4efc-8623-5a1d74d2fec2","5327d273-a03e-4305-9f77-e92292dbd1cd","Mike","Harley","-","0.0","1",,"WR",,,
"1d528e7d-7aa9-41de-93cf-afaa77ff38e9","a23ada60-09cb-4e45-9bd1-f35daea52e25","Erik","Krommenhoek","-","0.0","1",,"TE",,,
"1d64f241-cdab-4443-bc95-9b6326a764ce","0f50cd38-095f-4059-94ef-3376425ee580","Stanley","Morgan","-","0.0","1",,"WR",,,
"1dd656cd-89a7-4ae4-9f48-b28ef497436c","16a50953-fbe5-4b26-9170-c3246fe7d5af","Jalen","Reagor","-","0.0","1",,"WR","Miami Dolphins",,
"1e76683d-2329-4123-80d8-52240c2d4f37","4e74e219-b3ad-45f5-8db8-68d751a4ad96","E.J.","Williams","-","0.0","1",,"WR","Las Vegas Raiders",,
"1ea41164-4235-4cb0-a9ed-193d435140c6","9e7b9f41-6407-4fbb-aa71-30344efb750d","Andre","Roberts","-","0.0","1",,"WR",,,
"1ec7fc3c-3b20-4d15-b90d-c354ce50fbe1","96253622-027c-4bd8-852c-0afd08f0bbf5","Mel","Brown","-","0.0","1",,"RB",,,
"1eca73ea-4be5-4806-b7ff-5d5f081ee410","5f93f43a-be12-4088-ab0f-a77e6483f0e8","Stevo","Klotz","-","0.0","1",,"TE",,,
"1f394cc8-b7f9-458f-bd8b-f6bf4fb8ca67","2fd9b7b5-27b3-4f69-8abe-60a8144c6909","Brandin","Cooks","-","0.0","1",,"WR",,,
"1f8e6c46-d38f-4c8d-b16c-d3c7f14b37c4","cb942ebf-9e1f-46a5-8f64-a60dbc18c527","John","Stephens","-","0.0","1",,"TE",,,
"1fa7ec90-f724-49cd-a5d0-9d9b65a53a37","cb617be8-3a77-4496-9077-1bfdeebcc88d","Chip","Trayanum","-","0.0","1",,"RB","New York Jets",,
"1fd528f9-6ede-4df1-86b3-813cc2499ee7","24a71118-d424-410b-be45-3b19e7ea7be2","Myles","Gaskin","-","0.0","1",,"RB",,,
"20771eaa-5355-4f16-89fb-f49d822291da","73cbe66a-097b-4cce-9f88-ab17ffeb6b46","Trayveon","Williams","-","0.0","1",,"RB","Detroit Lions",,
"2099c8aa-0916-42ed-b519-24711cfd43c6","317e2df2-1cea-48a9-b587-d194a53d37f7","Jacolby","George","-","0.0","1",,"WR",,,
"20cf26fa-9372-47e3-9e4e-79588083e697","7b6a4f58-122e-45c0-bf23-d862552ba221","Stetson","Bennett","-","0.0","1",,"QB","Los Angeles Rams",,
"20ef8c92-4e26-4629-8bb5-ee8452b21337","7543110b-949d-42ad-8efe-c92ef0120878","Tahj","Washington","-","0.0","1",,"WR","Miami Dolphins",,
"211af8d6-56ff-4676-80d0-73b34cc555aa","4085310e-7820-4ba9-a537-009d26ce6377","Tyler","Boyd","-","0.0","1",,"WR",,,
"218768bf-efc2-4f69-8b33-5a520f911544","9b47db2f-b03f-4e6a-8c34-109961413742","Brandon","Smith","-","0.0","1",,"WR","Pittsburgh Steelers",,
"21ad2e36-49e5-4af6-9fbe-977f55578840","27276d8b-19ee-4222-9312-9a83039f7427","Trishton","Jackson","-","0.0","1",,"WR",,,
"22ba26ce-f4d3-4cc7-84f9-c63bd93aae01","fe313663-17e8-450d-8ef9-d1ec327a5a53","Colson","Yankoff","-","0.0","1",,"TE","Washington Commanders",,
"22fe5013-fc3c-4a8f-8fc4-59ab50752c0d","8b384832-21b2-4959-9ead-93d75e9c2e60","Xazavian","Valladay","-","0.0","1",,"RB",,,
"236b1450-a5be-42bd-a056-dd5bfa97be16","a5add42f-3abc-4986-83cc-4b021952199c","Gabe","Davis","-","0.0","1",,"WR",,,
"23dd0626-9222-4964-a10a-4fc6f19bb965","647541b8-9325-45fe-9b4e-4043e5547006","Chandler","Brayboy","-","0.0","1",,"WR","Jacksonville Jaguars",,
"2442ec25-fc45-425f-8857-01fdaf4ceda6","22e1cbc7-c0e6-4369-be55-0b9a96246515","Tay","Martin","-","0.0","1",,"WR","Detroit Lions",,
"24838d4d-3d85-42d6-8fab-78fdc7472569","0bb824df-2dff-49f2-9dc2-be7d999946e9","Daewood","Davis","-","0.0","1",,"WR",,,
"2526eedf-497f-4150-9563-cac37ce13c62","c9aed2e9-f389-4dec-b7c1-8eb42b44862a","Sage","Surratt","-","0.0","1",,"TE",,,
"253aeee5-6b16-4bc8-b870-ebac2510fa21","297c385d-a1fa-46bb-8ed7-955b34d5b27c","Bauer","Sharp","-","0.0","1",,"TE","Tampa Bay Buccaneers",,
"25bd9455-9c2f-4fc5-a5e1-1ba688e144a9","fb2d8d58-1a9d-44b9-a0d7-c94029920ad8","Joshua","Simon","-","0.0","1",,"TE","Atlanta Falcons",,
"263716b9-51c1-41d4-a44d-f4c070aa968e","674e461d-f553-45d7-806e-705ccae13eed","Roc","Taylor","-","0.0","1",,"WR","Carolina Panthers",,
"267b0b6a-41a0-475a-9485-a86f91b43bc9","ea260f2b-13af-4983-bf6c-44afe070b431","Sincere","Brown","-","0.0","1",,"WR","Los Angeles Chargers",,
"26eceebb-889e-4392-9ec9-1ec851af0879","eb11de6a-6d20-410c-8e57-8d660bc26b97","Kaden","Davis","-","0.0","1",,"WR","Chicago Bears",,
"2755c631-d948-4b40-90c8-eccd1b9229c3","8d87a855-ad6d-463e-a1ec-9d61e39fdd37","Adam","Prentice","-","0.0","1",,"RB","Denver Broncos",,
"281036a6-2b04-4e7a-abe3-3b353dd85fd5","c7c2c860-0909-4631-a237-d8a0175f7677","Dontrell","Hilliard","-","0.0","1",,"RB",,,
"285dbfea-5a2f-46e0-9aee-55e243341bdc","7ca8cb1d-4dff-4015-94e4-45ce09087af7","Keilahn","Harris","-","0.0","1",,"WR",,,
"2887c32b-88c0-4bc5-a295-689363324c3d","9f5d5b15-8591-4ef0-ad82-c9ef91b19fb4","Blake","Jarwin","-","0.0","1",,"TE",,,
"29290568-a60e-4f88-9e04-8fc2c3ce3c52","a1a5134e-4147-4e1e-bc4e-fa09bda99277","Xavier","Grimble","-","0.0","1",,"TE",,,
"293a9c14-3109-4f24-bda1-8e9b2e4e4c8b","fe8df930-ae36-41bb-abd3-89b1f8fab697","Jaxon","Janke","-","0.0","1",,"WR",,,
"29a1af14-b0a2-4137-b075-cf06e9239566","fc4474e1-fb35-416b-890c-4ca1de17d792","Matt","Breida","-","0.0","1",,"RB",,,
"29b2c66e-5092-414f-b8fc-99644c50130b","a57b6962-7323-4619-a6e8-5d224ccc42f2","Dylan","Drummond","-","0.0","1",,"WR","Atlanta Falcons",,
"2a22e513-a46d-4302-be53-eb1037752495","1b6dc9ac-9050-4d08-b71e-9de119bfd6e0","Moliki","Matavao","-","0.0","1",,"TE","New Orleans Saints",,
"2a982ca1-fff0-4f02-b297-9dd4b85ffac3","741d30fa-0b5d-46b1-a095-5f5fe3547266","Kelvin","Harmon","-","0.0","1",,"WR",,,
"2abc9c75-675e-4385-a840-dd8e26158358","5b9b311c-7f40-4096-9e94-c5e608a5b9af","Austin","Allen","-","0.0","1",,"TE",,,
"2b052a40-5072-446a-9666-4647d5269292","385ee93a-94fc-448f-ad48-fef7effa6cbd","Keleki","Latu","-","0.0","1",,"TE","Buffalo Bills",,
"2b261a4d-77d2-432e-b3de-da9c80cf481f","1b821175-4851-4629-8fc5-b8036ad14a61","Diontae","Johnson","-","0.0","1",,"WR",,,
"2b2ea12d-6d69-4590-af2e-4102a264e9b5","f4ad7681-a5c9-4aaf-8325-324beab72305","C.J.","Ham","-","0.0","1",,"RB",,,
"2b3229d0-f59a-43a5-8cf1-1cf65f8c1ec9","b7ca5df7-57ad-4581-863d-b02c823a2cb8","Joey","Aguilar","-","0.0","1",,"QB","Jacksonville Jaguars",,
"2b671a04-d27e-46be-ad41-5f3c0443480e","90da1841-01ba-44db-a1b4-4b0ae398f1b1","Cody","Thompson","-","0.0","1",,"WR",,,
"2b781845-6f8b-46fa-9c3d-413bdc1df848","823c8c18-6ea2-4d4d-af71-5c4ba581c38f","Collin","Johnson","-","0.0","1",,"WR",,,
"2b88d386-013a-4840-ba79-8374de722925","501540fa-ada9-4e50-8cbc-0afee30178c0","Johnny","Johnson","-","0.0","1",,"WR",,,
"2bd62180-a1bd-4492-87f3-51f7f8fad51a","f2933db0-3b5e-44ff-a354-7a06053ea2b9","Michael","Thomas","-","0.0","1",,"WR",,,
"2c433487-d896-494a-b3a0-a682e48a0976","8ecaee15-f29d-4703-80f6-97ba400ddf26","Josh","Ali","-","0.0","1",,"WR",,,
"2d246b96-c688-4afd-bc98-b5de36d38bc6","5d87928f-2bc7-498c-bbf1-824a5d83b714","Tyrion","Davis-Price","-","0.0","1",,"RB",,,
"2daea49d-07b6-4f53-8ee0-6c549ee5a949","fc483913-ce8e-44ac-a202-97bef687dc1a","Troy","Fumagalli","-","0.0","1",,"TE",,,
"2e2b5893-4d7a-44e6-9d16-d30647ae89d1","4bfac15c-0149-42cb-b8f5-cbf1226f3832","Cash","Jones","-","0.0","1",,"RB","Atlanta Falcons",,
"2ec33728-139a-40c7-9a0e-6895c875dd65","c3059018-0cee-42a7-8ad4-e11aa6c5bfe5","Clayton","Tune","-","0.0","1",,"QB",,,
"2eec61d1-38b4-47c0-ab91-cccf778aac5b","004956c3-c897-494e-b7d2-7ba2f94ea755","Gee","Scott","-","0.0","1",,"TE",,,
"2ef96318-58bf-47e8-ab4b-c5c6f87bfa2c","48c8c802-0daf-4222-9b17-85d092c54b9c","Deon","Cain","-","0.0","1",,"WR",,,
"2f2337aa-2b4b-4e84-81a4-ff588d8493a1","a42c4bd3-ba9e-4f80-bed4-87bbe09a7680","Khalan","Laborn","-","0.0","1",,"RB",,,
"2f36b933-3ad2-426a-9027-166954330962","99f290b0-f6fd-4ec0-b0ed-42a4ec124cbd","Alfonzo","Graham","-","0.0","1",,"RB",,,
"2f57970c-0638-43d7-a788-51bcf238c86c","b8bfa2fd-c6b1-4611-8401-52c1854abfb9","Harrison","Wallace","-","0.0","1",,"WR","Arizona Cardinals",,
"2f6169b4-3634-4a35-a75c-6044658c10ab","7da829d5-a014-412b-9db5-5c865cfe8534","Tyler","Lockett","-","0.0","1",,"WR",,,
"2fc2c378-55ba-4625-85e4-d64b926cf3cd","1f8b31f5-5a8b-461e-accd-d8bc9ecf5a11","Evan","Hull","-","0.0","1",,"RB","Arizona Cardinals",,
"2fde2d60-ca3f-497d-ba0f-0209b97e552f","97919afd-7439-44f9-9e2b-9f0f1478e5ef","Patrick","Taylor","-","0.0","1",,"RB","San Francisco 49ers",,
"2fe7ba0a-d206-47ee-a7df-8dbe3af203a3","ef1236fd-d3ed-4a8d-829c-8ded9a5cc7a7","Kendall","Milton","-","0.0","1",,"RB","Cincinnati Bengals",,
"300bf5d1-4e1d-4059-8f3b-c0c6fff4749e","3cc9555c-7f9f-42bc-b703-a64b3a1709fc","Lynn","Bowden","-","0.0","1",,"WR",,,
"30d585c1-934c-4695-82e5-00f9bca7bc27","b5c061b5-0fe2-4b24-9196-dcd20e9a868f","Eric","Ebron","-","0.0","1",,"TE",,,
"313fa492-ec28-47a6-9212-207a7795b973","207562cb-4ad5-45b9-b842-1020d4ab18b0","Jeshaun","Jones","-","0.0","1",,"WR","Minnesota Vikings",,
"31467534-68f4-49f0-93a9-a350e4303346","6ab0b134-baa8-4c22-8cea-a3c95d06f5a7","N'Keal","Harry","-","0.0","1",,"TE",,,
"3157d1ad-690d-4cc4-8bf6-46536e5bb085","a88cc862-0213-487c-b963-423685a45820","Griffin","Hebert","-","0.0","1",,"WR",,,
"316366e3-7d1e-41e6-b42f-b43948a3034f","142d12f8-251b-414e-98cc-96f59742594c","Jared","Wiley","-","0.0","1",,"TE","Kansas City Chiefs",,
"3164c8d0-a7f0-45f2-a85b-cf47c663d8e2","c0386234-0338-404c-b0a8-0a91b6acb691","Slade","Bolden","-","0.0","1",,"WR",,,
"31b07eb6-8809-4797-acde-becd903412de","91532c07-05ef-440c-a5a6-c99bd98053d8","Brian","Hill","-","0.0","1",,"RB",,,
"31db6479-3a3a-442c-be7b-92a7a1f72747","6e9df746-d5c4-472e-af68-e2c4331a7fe6","D'Onta","Foreman","-","0.0","1",,"RB",,,
"323bb521-1bd2-4cdc-89a3-0215d7d06ff2","4bfe28e5-0792-4db9-a256-f0684cdbbbee","Chase","Claypool","-","0.0","1",,"WR",,,
"324a384b-94ab-4cca-8691-07f58eae6c39","faf1168b-1260-4685-99e9-35d6ace800ed","Hakeem","Butler","-","0.0","1",,"WR","Denver Broncos",,
"3251fddf-f706-4d22-8cd3-6f263f4333da","2bd1add2-a01f-46ad-99d3-f6e07c346b77","Anthony","Miller","-","0.0","1",,"WR",,,
"329f90a7-2046-419a-b03f-f47857e265ef","f011d837-1cab-403c-8bca-51bc77f686ec","Colton","Dowell","-","0.0","1",,"WR",,,
"33a1c2da-bd1c-42f9-bb57-2af6d19d5186","ee486dbb-1f34-4017-a37c-ae4a1ccd5e3f","Austin","Trammell","-","0.0","1",,"WR","Jacksonville Jaguars",,
"33c611b9-aa61-4a31-a025-807d91a670c7","921a45d6-b593-4dbb-82ef-a8d187d65b89","Cortez","Braham","-","0.0","1",,"WR","Baltimore Ravens",,
"33f6cc66-559e-43be-b3ec-935bb7c43d94","32dba8f9-38cc-4aba-843c-6ca91d562a0e","C.J.","Beathard","-","0.0","1",,"QB",,,
"3444139e-31b5-4cbf-a2c6-9ab2c0a9b1b5","653b8ff0-6dd9-41a2-9175-0fcba9f06dc0","Skylar","Thompson","-","0.0","1",,"QB","Baltimore Ravens",,
"34a38e4d-07b7-4fa5-96ee-4286ab61f357","b70312ac-a86a-42fa-850c-a013404dea02","Ja'Quinden","Jackson","-","0.0","1",,"RB","Philadelphia Eagles",,
"34be5bfd-5b56-4f5d-94e5-dfdbd18964d7","b6e02823-0ccf-45c3-b407-8b999e029957","Kenny","Yeboah","-","0.0","1",,"TE","Arizona Cardinals",,
"3511e097-8c83-4d33-afa2-0f873ba44883","71dea281-8e94-4554-a60c-40af3e8f1a20","Izaiah","Gathings","-","0.0","1",,"WR",,,
"35b440a6-195e-4a14-b721-6209f7538407","762d6ec0-ac96-4d34-95ae-69511a1d6654","Christian","Wade","-","0.0","1",,"RB",,,
"35b9ad5d-bf2d-4044-a9c0-40d78295ede2","eb3931e1-de43-45ad-986f-b8222a838fd1","Sam","Howell","-","0.0","1",,"QB","Dallas Cowboys",,
"35c52e96-59ff-4f32-a891-d8f442d30bd1","abbfc8f3-2503-4312-a001-3b79775bc2fa","James","Proche","-","0.0","1",,"WR",,,
"35e67430-47da-431a-8f06-cb39ea0f01af","e2403548-a524-4f15-a76b-fe6078af80e4","Kadarius","Toney","-","0.0","1",,"WR",,,
"36359149-ed64-40a8-8a12-1f8f68dc0520","e285720d-2bed-4675-99d3-3bfab5498fea","Denzel","Mims","-","0.0","1",,"WR","Dallas Cowboys",,
"36c03431-bd69-4cb9-bb64-7b43d69c262d","f3444c97-3d7d-4987-9844-64469a914f18","Terrace","Marshall Jr.","-","0.0","1",,"WR","Miami Dolphins",,
"36dd45b9-3475-4a82-bf11-09b2e2d663db","530b2c58-6a12-4fa2-96fb-83c47ad24bbc","Keith","Smith","-","0.0","1",,"RB",,,
"376037e9-de31-4fc1-8553-a613b63d26ed","24d76979-5f99-4af8-994d-8dddd42a1a02","Robert","Woods","-","0.0","1",,"WR",,,
"37740977-5513-4d4c-9754-11f1f26de96d","0a4c2dcf-798f-46b1-9710-cfa683ec39bb","Anthony","Brown","-","0.0","1",,"QB",,,
"3827144b-bd86-43d7-be69-a1b1d28de356","da2aceee-c577-461f-a27a-25b746addcc2","Allen","Robinson II","-","0.0","1",,"WR",,,
"3856d5a5-4dba-4e33-ab89-a89d1a53ef4b","3078e236-afe8-4dd2-89eb-df7cd300437d","Kristian","Wilkerson","-","0.0","1",,"WR","Atlanta Falcons",,
"3886539b-39dd-4c84-a97c-913380723606","c20da9dd-e382-47a6-87d4-e33ab7a4d2ea","Velus","Jones Jr.","-","0.0","1",,"RB","Seattle Seahawks",,
"3910fbb4-fe87-4479-8492-ec64196a96db","252d5fc0-fa09-4942-9de4-8cbe4cc43c1f","Steven","Sims","-","0.0","1",,"WR",,,
"3a20f115-f807-4bdf-a292-278580ed385e","34a5ecb4-ad9e-4caa-8091-4dc9c2e11e3f","Austin","Watkins","-","0.0","1",,"WR",,,
"3a8f8448-24d1-4032-ad1c-799a831e961a","972ad53a-6288-46d4-a4b2-8bab13de4d32","Brandon","Johnson","-","0.0","1",,"WR","Las Vegas Raiders",,
"3aca3708-3158-4d67-8fc2-7004069ea52c","1e5330c5-a525-46b2-8425-ed0895ffd2a2","Shi","Smith","-","0.0","1",,"WR",,,
"3ade3dbb-3ee7-49c5-9006-27dfbe211e53","a5ab3c4d-dbd1-46a3-aafd-fa277c6c528b","Drew","Lock","-","0.0","1",,"QB","Seattle Seahawks",,
"3af1fee2-9fa4-48d6-b8af-db756bcc5986","e7196a07-4d7c-49e0-b67f-1a04815b2d98","Ty","Montgomery","-","0.0","1",,"WR",,,
"3b16e49b-a0ff-429b-86f2-750b34b69245","f03bee15-39cc-4f13-9e8d-072887c6a371","Brycen","Tremayne","-","0.0","1",,"WR","Carolina Panthers",,
"3b391fb3-fe5e-487c-a40b-e0295496ccf9","7d6efeaf-e52e-4a2a-8b6e-ccfe86c89d5e","Darrel","Williams","-","0.0","1",,"RB",,,
"3b4c308a-b41b-449d-ad48-39ff27c409f2","b6a6b3b1-d57b-4cf3-8c92-ce73b4a9d8f9","Tanner","Conner","-","0.0","1",,"TE","New York Giants",,
"3bb3d715-7043-4125-99fd-54e70e573cf3","ed5f0b8b-addc-41c6-831f-80a0597469fa","Jaren","Hall","-","0.0","1",,"QB",,,
"3c83e874-265e-4629-b0b0-51fe54ff257e","db835b29-995e-421d-83dc-70c7af2642a2","Dresser","Winn","-","0.0","1",,"QB",,,
"3c8c4c6a-5206-49de-b2cb-4af020b6b56a","43dc15b2-ffff-4c30-acbf-becc74ac6c86","Tyler","Kroft","-","0.0","1",,"TE",,,
"3cc3d7fe-0b3a-4510-80d1-ffe68e797887","fb644b02-dc54-472c-b99b-8216516c35bf","Jelani","Woods","-","0.0","1",,"TE","New York Jets",,
"3cca79dc-8df0-4602-b2a4-6395a0260523","b658ec81-7749-4bb1-a67c-328ea13dc803","Sam","Hartman","-","0.0","1",,"QB","Washington Commanders",,
"3cd6a97a-a519-470a-b299-99f920edee88","39a845d2-bdef-4d89-8ae5-acf2e12ec18b","Kevin","Rader","-","0.0","1",,"TE",,,
"3d99687e-87cd-45f5-91c0-ba6a8af366e8","3f534681-235b-479a-9f7f-49b46d92cf59","David","Martin-Robinson","-","0.0","1",,"TE","Tennessee Titans",,
"3dc0c750-129a-461e-a54a-a90cf7c7f885","c90bf5e7-3660-4ea1-80a6-e99a81246b89","Justin","Shorter","-","0.0","1",,"WR","Las Vegas Raiders",,
"3e7c1581-bc4d-4115-a2d3-300df7292c06","d0aa9c34-848f-4ec4-a5d4-cd2c6d6ea92a","Jaydon","Mickens","-","0.0","1",,"WR",,,
"3e81c22f-d052-4298-8f20-c54ad307fcb5","5433289c-72f7-44ee-8a19-94cdf844d728","Josh","Kattus","-","0.0","1",,"TE","Cincinnati Bengals",,
"3eafc5cf-5339-498d-9332-da87cf2b2b87","905831aa-db91-4d46-b87b-c48f922ae619","Lawrence","Cager","-","0.0","1",,"TE","Washington Commanders",,
"3ed58c5d-bc70-4b6c-981b-01cf2b45c41e","adba1866-37df-42d9-aa3e-6d41941db4ec","Ryan","Miller","-","0.0","1",,"WR","New York Giants",,
"3ef7ebac-d8cb-4710-afcc-a9052709d482","f12eabf7-9703-49dd-a362-fb53ad065745","Matt","Bushman","-","0.0","1",,"TE",,,
"3f39cc41-7c51-435e-934a-7dbef5f27354","03880d40-6efb-4aab-afec-8c9566f9b29e","Josh","Reynolds","-","0.0","1",,"WR",,,
"3f4e5888-dd16-4d7b-8371-4fd0d4e1169c","972c1749-c532-4a50-a1de-2c74b3f88286","Adam","Thielen","-","0.0","1",,"WR",,,
"3f6fabd5-405b-4e86-a072-2557e5a03f94","cffa584f-35bc-4797-a98e-0bc0e14c573d","Trent","Pennix","-","0.0","1",,"RB",,,
"3fe03145-7717-40ae-9a9f-9958a6e30a02","6bc99a7f-88bc-4011-9b73-a807020176a7","Jason","Brownlee","-","0.0","1",,"WR","Kansas City Chiefs",,
"3fed146e-7286-4eca-af8e-6ba5689e3970","cdded231-dbf3-415f-9374-8d35c089cf9f","Larry","Rountree","-","0.0","1",,"RB",,,
"40633ecd-c988-449c-8e57-60b729c196e7","db7b048c-ba3a-40be-9187-a81de14d0123","Deuce","Vaughn","-","0.0","1",,"RB",,,
"406b065d-5c59-4971-bdb1-8412f7ce8a8f","452d1457-52c5-4a85-b017-5c9d1a6236b6","Jake","Luton","-","0.0","1",,"QB",,,
"40ab33e1-1461-4177-a60f-4a64837c98ae","2ea5b21c-573f-4502-b23e-8ce2a97f1b47","Will","Grier","-","0.0","1",,"QB",,,
"40bf1420-ecad-4910-b0e0-94122276ef20","afdb4f67-7c66-4d78-9771-0989ccbe7f3b","Trinity","Benson","-","0.0","1",,"WR",,,
"41282c6f-0a88-4225-a8a3-b7a071e65803","b584facf-ccfd-4cc7-a36a-6acbd3dc8a31","C.J.","Saunders","-","0.0","1",,"WR",,,
"417d7180-0c4e-49a8-a730-69f132f4b127","d182f0d3-7e53-445e-b61b-c7d4bd8fcb08","Mike","Williams","-","0.0","1",,"WR",,,
"41954e2c-cd10-4994-83ad-f84f90b2cb6a","147c819e-435f-431a-a98f-0821eb2347f9","Kejon","Owens","-","0.0","1",,"RB",,,
"4213f9f3-3ab6-4612-97c8-d2e8f3582fa9","575785ec-d27a-4b99-ba9f-42dcd8b89185","Trey","Quinn","-","0.0","1",,"WR",,,
"4235117a-4505-40c1-8ba2-8746f4b3cb8c","91825171-c173-4090-a2a4-b8ce15b17be2","Stephen","Carlson","-","0.0","1",,"TE","Chicago Bears",,
"428e030b-9e58-44d6-a0f5-6990d48d3136","b93eaf91-c5a3-4a8b-ad58-35f8e5850814","Marcell","Ateman","-","0.0","1",,"WR",,,
"42957570-4071-4be7-a1dc-d57c74822561","c279c8d0-18b9-415d-8c6f-36d15878eed6","Parker","Hesse","-","0.0","1",,"TE",,,
"43306a71-9d3a-479a-97c5-c7f1913013ee","109091e3-517d-427c-98d0-c3982fd84508","Dominic","Richardson","-","0.0","1",,"RB",,,
"4333f5ed-d16e-4e51-b58a-c0662bb972e7","861d1db0-77d9-4f58-a7ef-5268cdfca261","Tyren","Montgomery","-","0.0","1",,"WR","Tennessee Titans",,
"43cab53f-37a8-42a5-9e23-5e5846d19694","e2e77921-b81c-4c70-90ec-e9df8f505c6e","Latavius","Murray","-","0.0","1",,"RB",,,
"44030279-6d9b-49ee-83df-2a0718264c84","342b601b-3c4e-4479-90f8-b2048c338e40","Aidan","Robbins","-","0.0","1",,"RB",,,
"44483b52-7b9e-41b9-b6c5-55cab691faac","8bfd53b9-f4b9-4b7d-a420-bf8df4edb148","Ihmir","Smith-Marsette","-","0.0","1",,"WR","Arizona Cardinals",,
"444ef7c1-007c-4bc4-8434-033f59b8766d","3ad0f7b8-98d9-4556-bf90-f432a56345c9","Hassan","Haskins","-","0.0","1",,"RB","New England Patriots",,
"4462844e-7cbe-4d70-9e7f-99b28a8b5547","3d05f6c2-c1ab-47a0-bc34-39da72eb3e0e","Bam","Knight","-","0.0","1",,"RB","Arizona Cardinals",,
"447017e3-27f8-4524-8ad9-819f66c016ca","35745477-761a-4375-9af6-566ad8cb8167","Tre'","McKitty","-","0.0","1",,"TE",,,
"45a8d74e-9937-4fd1-b005-18f351a7c3a2","1bd82f57-58d7-4b57-8b72-6cf4574b7358","Carson","Steele","-","0.0","1",,"RB","Philadelphia Eagles",,
"461f7148-1a02-4454-83c9-a734e2331571","06e79d6b-ad86-4a69-97d8-40470d70fdf9","Tyler","Scott","-","0.0","1",,"WR","Los Angeles Rams",,
"4682ffd3-d56c-41a1-8d0d-eb2a225dccf4","fb090786-d8de-4e8d-9db9-04e89e44ea63","Taylor","Heinicke","-","0.0","1",,"QB",,,
"46afcb5c-a03a-46bf-be05-7f7c42b3697a","f448c37b-a82a-428c-9d58-c6958f8b478e","Jaret","Patterson","-","0.0","1",,"RB","Los Angeles Chargers",,
"47337bf0-419c-42c4-bdbe-40b7854ac3f9","ba821993-c0f5-4ba4-9abc-9d3ffac55fa0","John Samuel","Shenker","-","0.0","1",,"TE",,,
"479042be-96a6-4c08-ad0c-8bf4bac20637","3904d4a3-0ab7-490d-8923-5ea81499dfdb","Mark","Gronowski","-","0.0","1",,"QB",,,
"47cdb899-e1f7-4b01-94b6-a3a549d4e3dc","b53dc7ad-17d6-4d1f-8c39-a8b5c1feff7f","Ramel","Keyton","-","0.0","1",,"WR",,,
"480c9bc4-aef0-492b-b1a4-00b072ab7797","09140cb4-41ea-4543-a1c6-5c220babb2b4","Dominique","Dafney","-","0.0","1",,"TE",,,
"482c008b-ba4f-4046-a9cb-94d1bedae73b","ce422a7c-2ab7-4b92-8cd4-c3d27eff095c","Montrell","Washington","-","0.0","1",,"WR",,,
"484bb257-96a9-4021-907a-fafae40aa4e7","20da98de-46ad-43ad-a6ef-e6ed946b48ad","Kevin","White","-","0.0","1",,"WR",,,
"4853614d-206b-4e72-9d95-1619f9b7c5a4","a8ac601f-1b6c-493e-a8c0-a980a43547f0","Alex","Armah","-","0.0","1",,"RB",,,
"48685055-8a51-4cd6-b3b1-0b8185a52a83","d4f7fc9d-37eb-4957-924c-50e45c74e94e","Kahale","Warring","-","0.0","1",,"TE",,,
"487d494b-cc9f-4993-87f9-7232d4e1ff52","fddad2cb-d7c1-45ba-ac45-14bc4e30bde5","Brandon","Bolden","-","0.0","1",,"RB",,,
"489bd589-e702-438c-ac14-0650e95a0043","3a9d06ff-e491-4beb-ad79-a0b8af7526a2","Gavin","Hardison","-","0.0","1",,"QB",,,
"48a6d8a2-7961-4368-a255-1d1a815b1d01","37f5cd94-6ce7-496e-b303-496f987398b8","Will","Sheppard","-","0.0","1",,"WR","Green Bay Packers",,
"48e204b4-02c1-43a0-a6f3-8826496a27a5","cdfe17eb-960c-4d81-8bbd-ced3e913a1d0","Josh","Doctson","-","0.0","1",,"WR",,,
"48ec9faa-9b9e-417f-8cfc-ae8dcaac9f2b","05d98712-5287-44bd-8fe6-5a691fbc6d18","Jesse","James","-","0.0","1",,"TE",,,
"49140887-e450-4755-93f5-e9b31b016904","6ed19ef3-f920-4d89-8d49-390486ded3ec","Quentin","Skinner","-","0.0","1",,"WR","Buffalo Bills",,
"4942a366-e2fe-4f58-a29f-ce44df30985c","3417a79f-466b-4272-942c-ebdbfaf85b99","Miles","Boykin","-","0.0","1",,"WR",,,
"49899a00-2f2c-4fd2-9aca-681d66e9363c","875c08ba-6676-453a-98d4-27dc7d74e827","Logan","Woodside","-","0.0","1",,"QB",,,
"49ce3016-4bc3-4d23-83f7-f464cca1ba5d","a424a93e-841b-446b-a1b5-f5750e352516","Tanner","Mordecai","-","0.0","1",,"QB",,,
"49f458ec-188f-4012-a247-b8b6617f45f0","8ff33470-26ef-4ddd-920c-8426f449b760","K.J.","Osborn","-","0.0","1",,"WR","Tennessee Titans",,
"4a7fc817-d66d-4026-97b1-28f168f3f8d9","3dcb0e0b-9b92-41eb-a632-088167c44521","Isaiah","Spiller","-","0.0","1",,"RB",,,
"4a8e15b0-ba85-4e74-aaa2-8d33dc488b84","1551d6c8-e6ed-4a68-a3ab-c02179829a90","Kwamie","Lassiter","-","0.0","1",,"WR",,,
"4a958cc8-fccd-443a-a3ca-e7ea8076dfbf","6ae90029-ef26-48ec-b192-e6c4dd67f3c0","Xavier","Guillory","-","0.0","1",,"WR","Baltimore Ravens",,
"4a995252-7637-44f1-b63c-41cb84a174a7","606cd7d5-8f56-4453-b45e-cf1fe96d4451","Alexander","Mattison","-","0.0","1",,"RB",,,
"4af9edea-553e-4f56-a37d-98f1a052726f","2f9cdd9f-c36f-4564-8efb-ead9372f804c","Aaron","Shampklin","-","0.0","1",,"RB",,,
"4b5d32cb-454b-41c8-b8a0-93727bb7d80d","26617bf5-9399-4bb4-a121-98eeb1ee3142","Cole","Beasley","-","0.0","1",,"WR",,,
"4bf73d90-752c-4499-bf8a-2d74457b8f46","13057098-cc2b-4996-b92b-d0eb1fc86068","Blaine","Gabbert","-","0.0","1",,"QB",,,
"4c033615-a836-4343-bfdd-289a3f09ccf6","8bd196f0-a416-4857-a73f-90786072b710","Miller","Forristall","-","0.0","1",,"TE",,,
"4cc2bda2-c51c-47bb-925c-e28b4238246e","88982239-ce37-4c5f-8c28-c347112d670f","Zach","Wilson","-","0.0","1",,"QB","New Orleans Saints",,
"4d0c38b6-9ec4-4cda-9630-3687e4be6f58","6117e527-4190-469e-bab6-ef53a136deda","Frank","Darby","-","0.0","1",,"WR",,,
"4d1e8598-7702-473b-aa6d-d9700db305ce","ba7b2314-4960-4da1-a791-9b3fe86ad646","Ricky","Pearsall","-","0.0","1",,"WR","San Francisco 49ers","OUT",
"4d37b092-f47b-404b-ade4-44ca2e303836","0357a12c-e7e4-47c4-bd88-440f21a6edc0","Gary","Brightwell","-","0.0","1",,"RB","Cincinnati Bengals",,
"4d6c2c3c-8cba-42d4-9f07-26c773cc82e2","7f204c2b-9f90-4fc4-addd-8833327eba11","Johnny","Lumpkin","-","0.0","1",,"TE",,,
"4d9a9d0c-dacf-4d5b-9e71-0033b032ab26","a37e797a-f468-49db-a3ad-d3138635aa37","DJ","Rogers","-","0.0","1",,"TE","Dallas Cowboys",,
"4f0c2a02-5916-46e2-9fde-baeec9b4e346","89b1e246-9bfd-4eb3-b0a2-a5207072e855","CJ","Donaldson","-","0.0","1",,"RB","New Orleans Saints",,
"4f29e151-3a29-4873-aeed-8c2f60442285","692947d1-8ae4-486c-a454-8b794eccda28","Zach","Evans","-","0.0","1",,"RB",,,
"4f37dfdc-e129-49c4-afc0-7b082b46028b","fece6263-7a43-4071-a9e6-885d954d8b9c","Terique","Owens","-","0.0","1",,"WR",,,
"4fff521b-1805-4efb-8fd2-c9bd74862dcf","1917cbed-4f00-41b1-843c-b77effbf4fa7","Dan","Chisena","-","0.0","1",,"WR","Carolina Panthers",,
"50378e2b-dde1-45f0-9146-6ea9b80ed17b","f1c9141a-6c85-4993-a108-72782e7dca8c","Ja'Corey","Brooks","-","0.0","1",,"WR",,,
"51162917-4d3c-4120-86df-3cbc5bc7e470","6ec722bf-3f74-4875-8674-1a4bff765329","Britain","Covey","-","0.0","1",,"WR","Philadelphia Eagles",,
"514167da-affb-4e10-b9b4-1e5c9208c092","eb7f3504-9d5c-489a-b9c4-9fd4bdbaddb7","Max","Brosmer","-","0.0","1",,"QB","Minnesota Vikings",,
"51774d8a-0d4d-447a-a259-bd6f842357c0","5786c31c-c097-4b2f-aaf9-f7278a0c03ed","Alex","Erickson","-","0.0","1",,"WR",,,
"518d18bc-01ff-4442-8b03-ed6b08137da3","15ddd915-a867-49de-96b0-359005734878","Nick","Nash","-","0.0","1",,"WR","Washington Commanders",,
"51dc4e0c-7dfb-4eb0-95ce-1b73925d9546","1341c6b5-366f-4a8d-8929-9c2b43060095","Thomas","Fidone","-","0.0","1",,"TE","New York Giants",,
"52552395-2267-493a-8b3f-f68461f71faa","1cae7ba6-6dd9-405d-9dd8-d40a6be294a5","Jacob","Harris","-","0.0","1",,"WR",,,
"5286bd1c-812d-4020-92d3-a716acfa3ca6","38cab376-575a-45c9-8bd7-6bbfbfcacb9b","Jalin","Conyers","-","0.0","1",,"TE",,,
"529442d2-f1f6-402e-9f73-d3be33619b23","48b9f1fd-bcbb-476d-9ddf-610502310dad","Simi","Fehoko","-","0.0","1",,"WR","Arizona Cardinals",,
"530d017b-cb32-4a85-91ac-d0849bcca40b","767b4623-6f76-4cf4-b16d-51ff51e18205","Kurtis","Rourke","-","0.0","1",,"QB","San Francisco 49ers",,
"53719d6b-c5f2-4544-9ae9-6a0313131e1f","9aa62b42-770f-4ec2-8e85-30ca00509906","Isaiah","Winstead","-","0.0","1",,"WR","Pittsburgh Steelers",,
"53a731e0-8643-4179-8461-4457b08469cd","ff84664b-1118-41f6-8140-8a2c67ed4077","Kalen","Ballage","-","0.0","1",,"RB",,,
"53b7cbcc-031c-42e7-98b2-750862420aac","2dbc753f-6d2c-407d-b1f3-436a4fcf9df4","Quali","Conley","-","0.0","1",,"RB",,,
"53c07fed-07cf-4663-8f17-342a816bf67f","82c88dbb-b877-44b2-a312-38f9e911894c","Jaheim","Bell","-","0.0","1",,"TE","Pittsburgh Steelers",,
"54209318-7391-48a8-91e2-166d8bc3dba8","1a03703d-3b3f-42e5-861a-98f5b1b050d0","Danny","Gray","-","0.0","1",,"WR","Philadelphia Eagles",,
"5461f521-75c1-482b-856e-0f3053e49669","fe185af0-5ea1-400b-ba68-754813802b96","Jake","Kumerow","-","0.0","1",,"WR",,,
"546e9007-e908-4bc4-b20b-d3eaa0380af6","d0fdca66-42be-4419-ac89-9d95be49a632","Sawyer","Robertson","-","0.0","1",,"QB",,,
"554d9a4f-c297-4dfc-8351-b0b4beea95eb","a3cc6ddd-d3c7-4c2f-8003-b3684dba54d4","Chase","Edmonds","-","0.0","1",,"RB",,,
"55539588-4096-477d-8a2e-8b36c354871a","f7eaf5c5-e83b-481e-871d-7049d8f815f8","D.J.","Williams","-","0.0","1",,"RB",,,
"558481f3-e012-46af-80bb-15bda1a4d610","4b7cbb4c-1ab9-4e5b-9c08-b92992cf4d45","Behren","Morton","-","0.0","1",,"QB","New England Patriots",,
"55ed3155-840c-4fca-a7c5-cd5607cfe771","3bdbec18-8bad-4d9b-b172-2fbaa2e7a521","Bryce","Ford-Wheaton","-","0.0","1",,"WR",,,
"5605f0c6-7199-43cf-8758-11142cffe74b","3eccee36-1be5-48ac-9760-838e33f7a7dc","Ryan","Jones","-","0.0","1",,"TE",,,
"5616c16a-6eb1-49db-b0c1-95398da8335b","78c700de-f98e-4043-be37-1a1735256c38","Ja'Lynn","Polk","-","0.0","1",,"WR",,,
"5632e78d-9057-47d2-ad42-15db1a8975a4","a6c845ff-11cf-4bc1-adc6-c898f5ee4a72","Kyle","Trask","-","0.0","1",,"QB","Carolina Panthers",,
"568cbb27-6f72-4bdb-a94c-238304278427","8b1d5278-cc11-4326-a8ec-135422593ece","Brevin","Easton","-","0.0","1",,"WR",,,
"56b16c7f-e740-44a2-aef1-0304b94ac24d","72e51cb9-7908-4a47-a8f8-792efcd064c2","Bailey","Zappe","-","0.0","1",,"QB","New York Jets",,
"56bb3dfb-b7fe-4097-807f-067645fcd37b","b1f4cb0f-ac20-4efd-a951-d8539f3d46b4","Jordan","Matthews","-","0.0","1",,"TE",,,
"56bc0e10-56df-41b8-99ae-ba374b022a03","fa3a2428-7c77-4629-87e1-935eb5832440","Dean","Conners","-","0.0","1",,"RB",,,
"56c16c80-0ba7-4680-95d5-b650d6a8d1fb","dccf4aa3-1604-4eef-96be-74f2712d6c5f","Silas","Bolden","-","0.0","1",,"WR",,,
"56e3c8fa-2d55-432d-8e08-f8b1f2bb6068","7135f1c4-50a6-40ac-a3d2-5f4657388ccf","Bub","Means","-","0.0","1",,"WR","New Orleans Saints",,
"5710cecc-5b8e-4168-887c-0bb28703fbcd","00680dbd-e22f-4913-a553-71ca2dc999b1","Brady","Cook","-","0.0","1",,"QB","New York Jets",,
"5781ab61-a102-493c-934a-322f7a49f50e","e68bc769-aa01-475b-b738-7c390020ab37","Sean","Clifford","-","0.0","1",,"QB","Cincinnati Bengals",,
"58565af1-f692-44eb-9901-7b7fd9613d3d","c2b51764-8afa-4739-8719-6f74b7c7e6b5","Jalen","Moreno-Cropper","-","0.0","1",,"WR","New Orleans Saints",,
"58bf92c5-43bc-4924-b44f-9ea67e597feb","c26e64ed-4bb5-4c28-8eea-e4e309e53bdd","Derek","Wright","-","0.0","1",,"WR",,,
"5924614d-e3c1-4abc-885a-248a0510acbb","416ddce8-f30d-42d9-9318-c80dc4a03082","Cade","Johnson","-","0.0","1",,"WR",,,
"59d30486-a838-4b9d-90d8-c24a85ac6563","732d9e9d-89ea-44b6-a3af-53335718fcb1","Lew","Nichols","-","0.0","1",,"RB","Pittsburgh Steelers",,
"5ae94f2e-b61b-40bd-bac8-0332e0c2b010","8d115c93-d2fc-43c8-b1e1-ed92ea8d5e6d","Sam","Wiglusz","-","0.0","1",,"WR",,,
"5bfbb156-fcfb-46e1-9b6b-e57b27cbdb29","74328466-c317-42a2-82fb-fcd6f0794859","Grant","DuBose","-","0.0","1",,"WR",,,
"5ccb8031-e2ba-4895-a00c-e56f772d3f4b","bd6ca3b5-46e3-496c-812b-bb04e61515cf","Parris","Campbell","-","0.0","1",,"WR",,,
"5cdec19c-1dad-4cac-8984-d644982e9892","26267416-3042-416a-87a0-499861cf6d88","Malik","Flowers","-","0.0","1",,"WR",,,
"5cf17e6b-9ea1-44f7-a5c3-c2e7b463c203","31fed9a1-b332-4a30-8751-aef602ab14f8","Nate","Noel","-","0.0","1",,"RB",,,
"5d301989-8def-4bfc-8227-cb5dce463e0b","8241afd7-811e-4f9b-9e5b-71d707270d1a","Tony","Jones Jr.","-","0.0","1",,"RB",,,
"5d8e1c42-e067-4586-8e5b-a425ae0c30ae","6c05a3ab-6447-417e-986b-c713baa80595","La'Mical","Perine","-","0.0","1",,"RB",,,
"5e3173fb-8c0d-4931-bc7a-b55b0d82e2e8","2695dd38-cb15-4384-ab7d-dc9b8e3f79c3","Dalen","Cambre","-","0.0","1",,"WR","New York Giants",,
"5e98e266-bacd-43c5-93e9-470ac339265a","a1c3cba7-1916-4271-8c51-2d197eee11ad","Princeton","Fant","-","0.0","1",,"TE","Dallas Cowboys",,
"5eb31f83-5ebf-4a5f-b000-caf1752842db","48176c26-4529-4840-b4ed-1cdad2751286","Adrian","Martinez","-","0.0","1",,"QB","San Francisco 49ers",,
"5ed982b8-aa5d-4dd6-9258-c03bac12ea35","d53dfdd0-6941-4ef4-aa5d-6042bf2c30e9","Malik","Turner","-","0.0","1",,"WR","San Francisco 49ers",,
"5efedb57-07d5-4290-8318-4cb57886b89c","1cd3499e-c75c-456c-ba59-1dfc8328253f","Brady","Boyd","-","0.0","1",,"WR","Jacksonville Jaguars",,
"5f1fb195-8744-415f-a007-e7d4e0b0e1ee","f8fac9c8-38b8-4c2d-9d30-28d6227d32fc","Ulysses","Bentley","-","0.0","1",,"RB","Indianapolis Colts",,
"5f9f4ad3-b53f-43c5-9557-52624550c810","e454b9db-4daa-4097-b0bf-4547391d1141","Isaiah","Ford","-","0.0","1",,"WR",,,
"5fdd5db7-0365-4616-8bf3-d6764a19176a","55560224-26d6-4919-a5fd-cbf63e1de421","Jalen","Walthall","-","0.0","1",,"WR",,,
"600d86ad-8fe3-4c70-b4bf-e06778e7eba9","bea6c553-38bf-40c1-ab80-b48c5a23a78d","Mecole","Hardman Jr.","-","0.0","1",,"WR","Buffalo Bills",,
"60185c1f-eeda-4bc3-a58c-9259fe5be24e","237cf3d6-f890-4c40-810e-24ed46343fd1","Dalton","Keene","-","0.0","1",,"TE",,,
"60b06872-5ed4-4500-9856-b635f32b3c13","16a2ee63-f303-4a88-9bb3-1249f2049e89","Tommy","Hudson","-","0.0","1",,"TE",,,
"60c85fac-3349-43c7-a215-3aea7ea8adae","3e0bf9a0-4e58-454b-9537-585aa3f84238","Tyrone","Broden","-","0.0","1",,"WR",,,
"61572e6d-f289-4587-8115-3d5ef3a25ea6","1048a3a5-5817-47dd-a714-ca0c518a955c","Lance","McCutcheon","-","0.0","1",,"WR","Tennessee Titans",,
"6242c7d2-e0b1-43f4-943f-1df7da2aba3a","ea2596f7-2bfa-48b5-8b79-91d14fec34f1","Nathan","Rourke","-","0.0","1",,"QB",,,
"6257278b-8eca-4877-a6fd-76ce87a5de73","7fdd4a23-1ba6-45c4-b58f-27add5e797c4","JaQuae","Jackson","-","0.0","1",,"WR","Los Angeles Chargers",,
"62625399-c47f-4f5d-98dd-db0cdcc7f72b","d4d1c7b0-64ff-4ce1-b5b3-be8173f4e359","Jack","Doyle","-","0.0","1",,"TE",,,
"62da1387-3c4f-41d4-b147-3a666790f686","f77e48d7-57da-4c3c-b042-c6007840d60f","Nick","Bowers","-","0.0","1",,"TE",,,
"62ff0c22-b06f-4aab-8b5f-c3f65f9e1fdd","bfefc920-6a2f-414f-bf8f-b82f6eca72ce","Tony","Brown","-","0.0","1",,"WR",,,
"631c7319-1c49-41b9-91c8-1abe88112ea6","f1e3662b-5084-439a-9b4f-65b05962165e","Dez","Fitzpatrick","-","0.0","1",,"WR",,,
"632c0cca-ee05-4bb1-b9f4-fbe2a2a8a4d6","bd1db5e8-6e7e-480a-aad2-48c888d127bf","Will","Dissly","-","0.0","1",,"TE",,,
"63d95b48-4105-41fe-9caa-c0bfc1c2bd52","f5a6acf9-b129-4d49-a7b9-f1e16a48f2a6","Kyron","Drones","-","0.0","1",,"QB",,,
"6407ee74-9b61-4fcb-8152-7d4c04a520d7","8bc11558-7c59-4578-8c40-f27f5f607548","Marquez","Callaway","-","0.0","1",,"WR",,,
"64d82161-c80b-4e97-82c6-64bb8c9ddae4","0bbc3a68-3fb3-4de0-aed3-d70a92c656d3","Julio","Jones","-","0.0","1",,"WR",,,
"64e93060-b90b-465b-8cc7-ee131ceefad6","f48808e6-a675-424c-9c26-f5691e1998ad","Dillon","Bell","-","0.0","1",,"WR","Minnesota Vikings",,
"6501ee95-b6c8-4a08-afca-36d1ad8e2851","7aa4c822-519d-4d66-801e-401df60a97dd","Tanner","Taula","-","0.0","1",,"TE",,,
"65194346-1e51-4869-bd5e-bd8f8d74593d","2a0222c4-43ec-406f-a9a0-a86dd04984bf","Da'Quan","Felton","-","0.0","1",,"WR","New York Jets",,
"65231b3c-6ac0-4697-a90a-e72ca7ea6a99","ac7a0ed5-a085-410c-a7a7-535b29449979","Isaiah","Washington","-","0.0","1",,"WR",,,
"653dfbe2-780b-4c85-b9be-3947273ebc17","b2c597cb-afce-4dfd-ba31-275b86dcf795","Damien","Williams","-","0.0","1",,"RB",,,
"65899a62-4426-4ab8-8e67-7241bd1498e4","e84d47d6-9a7c-4106-8119-f22a3afd29e4","Hayden","Hatten","-","0.0","1",,"WR",,,
"6595db16-644f-4a7c-be11-f28f66ae10b3","ac67e18e-85a1-451c-b970-22574e095cd3","Jordan","Wilkins","-","0.0","1",,"RB",,,
"65b29ad9-18b0-4ebf-9355-af166cca3c01","a9649d33-6dc9-48f0-89e3-a6757fb3de8f","Mason","Fairchild","-","0.0","1",,"TE",,,
"65c9acc6-32a1-45ef-b9fe-e5d8f6170c31","bdb7cfdf-6e38-4473-a169-c71b24bc8bf9","Darrell","Daniels","-","0.0","1",,"TE",,,
"65fe23e6-3c31-4e71-8aaf-9c2623f07eb6","0fc6360d-d3cf-4186-bdfd-b653d7c79ff4","Ethan","Garbers","-","0.0","1",,"QB",,,
"664d64a4-8c2f-4319-baaa-57c71cbe1550","d975047a-ae7e-4169-bf00-c38278ad23fc","Jerand","Bradley","-","0.0","1",,"TE","Los Angeles Chargers",,
"66a67dbd-4046-4c93-91aa-4d68dbb020ab","18a2674f-16a8-4b41-b131-cb67e413e598","Diego","Pavia","-","0.0","1",,"QB",,,
"66ccf3cc-39f8-40dd-9370-adb5f3e8afea","99e22f99-909f-4299-bfda-f69ca75ee042","Malcolm","Perry","-","0.0","1",,"WR",,,
"67503375-deb1-4f69-b9d4-52a0fcfbadfc","c6de24fe-ecdb-4bf0-bb71-3f0cf65c2f1e","Cam","Miller","-","0.0","1",,"QB","Miami Dolphins",,
"6761058e-b88c-4986-87ac-62b53e84d61f","b2382f0f-6499-4c1c-b630-539964c59546","Jalen","Guyton","-","0.0","1",,"WR",,,
"67b97b45-ada7-4a8a-8a90-624b566c8fbd","9465be58-d5fb-4581-a275-1654dcb2f9c3","E.J.","Perry","-","0.0","1",,"QB",,,
"6815aaf2-e574-47b0-b6f6-44c0d6153ea2","12a94d1a-7d2e-4044-8a20-8e2e111439fd","Jack","Colletto","-","0.0","1",,"RB",,,
"6850b0fe-d50e-4688-96fe-424adfa83418","8338c416-2fd9-40a4-a9d0-5219379eda93","Tyreik","McAllister","-","0.0","1",,"WR",,,
"686c5c7e-fc4c-4ac9-9a23-fcf98f9a13fa","270f255e-5b1b-4521-b20b-080c0af408cc","Messiah","Swinson","-","0.0","1",,"TE","Green Bay Packers",,
"695b70c9-b90f-44a3-b13a-ddc782380ec4","84e60fac-dddb-4870-891e-94a3c9f1c9a6","Jakob","Johnson","-","0.0","1",,"RB",,,
"69a75fc4-f6f2-4944-87ac-15bbe49e97a6","a851c544-5c32-4bb4-b848-9275faf8e12a","Dorian","Singer","-","0.0","1",,"WR",,,
"69d8c1e2-6ce1-4332-964a-122c0c4a7ff3","99cf8cd8-945b-4740-8359-6b09dfd470b4","DeVante","Parker","-","0.0","1",,"WR",,,
"6a4be088-b88a-4ffc-9c1e-a4049d111452","61ced104-e70b-491f-9210-b9314023d3f6","Jimmy","Garoppolo","-","0.0","1",,"QB",,,
"6a8f51ed-f1e4-49eb-ac71-8b20e9de042a","ed87b2a5-c17b-4d24-9c6c-a6118a01a4fa","Donovan","Peoples-Jones","-","0.0","1",,"WR",,,
"6b16a307-708c-46d9-b333-da457e9e183c","9ac6f890-b53b-4709-b823-6fdb73a371ee","Blake","Watson","-","0.0","1",,"RB",,,
"6b17ab78-69df-40f7-9f37-9c22dcd98b37","1358deda-3806-40c8-a5db-3f78d1610a20","DeCarlos","Nicholson","-","0.0","1",,"RB","Carolina Panthers",,
"6b5ed8c9-1d05-4841-b438-26b019f52ec8","af308c2d-9dec-434b-8b0a-35e55697f585","Elijah","Collins","-","0.0","1",,"RB",,,
"6b736e1d-f0c2-47ce-b08e-8058c8081cd0","441debf6-bb87-4352-be9f-55cc3d23d6f9","Robert","Burns","-","0.0","1",,"RB",,,
"6baa7f9e-0900-404f-b515-addb474c4bc0","dde5b955-a773-4c77-82cd-e70fc383455f","Elijah","Mitchell","-","0.0","1",,"RB",,,
"6bf1f5ed-c3ba-4b06-81bb-42b4419d6829","714b9e10-4ada-455e-a8ad-e869a265cde1","Matt","Sokol","-","0.0","1",,"TE",,,
"6c21d007-2fb4-4d88-abc6-c3a1bdbe3f83","ad974ca0-9a05-40ee-aeb0-71d0a96164d4","Godwin","Igwebuike","-","0.0","1",,"RB",,,
"6c276725-5fc4-4b49-8a71-98e12f350d73","faa44148-2ed2-4263-bbcd-c594eaf31adb","Ethan","Fernea","-","0.0","1",,"WR",,,
"6c9d2f2a-3682-42a3-af23-334f34a47526","51e0ef29-0e21-448e-b1ae-9fbb76222dee","Aidan","O'Connell","-","0.0","1",,"QB","Las Vegas Raiders",,
"6d2f5a17-db31-4af5-aed8-cfc1be9dd726","eba1eab7-6959-4a4d-9f69-4d7a01499198","Pharoh","Cooper","-","0.0","1",,"WR",,,
"6da3cec7-6b25-4bec-9d3a-915d72f69e98","4c06ce0c-9c66-4a9f-9e99-82748ad21cf7","Charlie","Jones","-","0.0","1",,"WR","Cincinnati Bengals",,
"6e3162b7-6d64-4063-8273-378bce19506c","88ad20bb-1f50-4818-8b4c-93e72c0f97fc","Jake","Haener","-","0.0","1",,"QB",,,
"6e9d5970-c25c-4bd2-a7ba-def37f89d43e","2edb4817-02bb-41de-8e1c-bf3294f45360","TJ","Harden","-","0.0","1",,"RB","Seattle Seahawks",,
"6e9e3c4a-a55d-4332-a90b-d916115d968c","6055d19c-9329-4216-a7a2-785f011e2392","Ray-Ray","McCloud III","-","0.0","1",,"WR","Chicago Bears",,
"6f805255-82bc-4bf0-9d8a-a1bf7cd0052d","0dc76583-d9f4-42f9-8a6b-5c07446602cc","Matthew","Slater","-","0.0","1",,"WR",,,
"707a975e-1293-466e-8d12-8840a3a8c933","dd510349-6c96-4b20-8d8e-2cb7da8bf499","Eno","Benjamin","-","0.0","1",,"RB",,,
"70dedf86-49b9-4aab-b468-a6ea7b291019","06cfc2e1-7494-4093-9c79-488681e373b9","Cody","Latimer","-","0.0","1",,"WR",,,
"70dfceef-c3ac-420d-b73f-ba69220b1663","afc8de3d-259c-4ad0-9507-680e9e1c621b","Irv","Charles","-","0.0","1",,"WR","Seattle Seahawks",,
"710f7b61-2f92-428c-bea7-bbdd973deb89","bd041d7c-18e7-4c7c-825f-fe66fe1f5c57","Trestan","Ebner","-","0.0","1",,"RB",,,
"716d36c3-f3ab-4e33-88ba-0b0787f21251","8ff4e7e8-f959-4d1a-a29a-8aded7108f78","Dayton","Wade","-","0.0","1",,"WR","Baltimore Ravens",,
"71cc7f1d-cb90-4931-8b54-b48297d73821","96040d05-8b75-4b42-8bc5-a6623f0da639","Kendric","Pryor","-","0.0","1",,"WR","Cincinnati Bengals",,
"723089a2-9444-42f9-8462-a8c409244b8f","0dfbc5f1-ad18-4996-ad78-ce1d032d130b","Braylon","Sanders","-","0.0","1",,"WR",,,
"72542e58-a8d7-42e7-9697-afcfecb76e48","46effd99-f99a-4096-87fa-2a3435776c69","Jacob","Warren","-","0.0","1",,"TE",,,
"729384d5-22a0-4471-b7f3-a58e21d4b326","fac466c3-7c93-404d-9440-9de061befbbb","Jaden","Shirden","-","0.0","1",,"RB",,,
"73066fd7-4986-45ae-b598-564352ccf677","b988649b-4657-407f-8880-359cb629c720","Luke","Stocker","-","0.0","1",,"TE",,,
"731392a6-78f9-44b5-bfd3-11da1151081b","237de2f0-e473-40ed-89b7-220bc9b29875","Laviska","Shenault Jr.","-","0.0","1",,"WR",,,
"731d387b-8d14-4039-9693-74d0d97c9a44","6a9e2f12-0083-4ac3-abf0-3b5a6b4857ae","Freddie","Swain","-","0.0","1",,"WR",,,
"738faaf5-fcb6-4f54-b684-315a4553b174","b1672075-e4a6-4e66-9b8d-639a1eaccf99","Johnny","Wilson","-","0.0","1",,"WR","Philadelphia Eagles",,
"73c7909f-1139-473a-8f20-75fb94804552","3938dfa9-766c-44b0-90a8-d0aa272a05e6","Tarik","Black","-","0.0","1",,"WR","Detroit Lions",,
"73d517f5-1e19-434d-a033-29f5a945c610","abc11d92-139b-44ab-9a8d-52e6972676f2","Sammy","Watkins","-","0.0","1",,"WR",,,
"73d87e64-5478-4d74-98d3-5372091bb513","f8d1ae78-7bbe-40f4-9b24-a5f384de240e","Leonard","Fournette","-","0.0","1",,"RB",,,
"73f5e25a-53f2-4050-beba-bf74085096f1","0a971044-f280-4894-96c8-df7481fc53a5","Jake","Fromm","-","0.0","1",,"QB",,,
"7423f85f-1bfc-44bb-ada6-b99e783445a2","5cf3b6f7-0ae1-4aea-a7e7-5693e41b20ef","Sam","Ehlinger","-","0.0","1",,"QB","Denver Broncos",,
"742ec8f5-f412-465e-9ce3-bc6807efa5ad","a863d144-7cda-4c94-853e-10b442a2b990","Hayden","Hurst","-","0.0","1",,"TE",,,
"743b73fd-135f-47fb-a296-9795451bed05","dc2e3603-d50d-4e48-8af4-6a8d7c7446eb","Daurice","Fountain","-","0.0","1",,"WR",,,
"74533f8c-6b80-4a8f-87ec-884e95b0951b","6b69ccdf-9c3b-4352-8f24-b106f8ea4448","Rodney","Adams","-","0.0","1",,"WR",,,
"7460dc60-3fd0-4c44-94b7-22b23176fe74","66b6a62b-3013-4637-9f17-a54cbce4f45a","Javon","Baker","-","0.0","1",,"WR",,,
"74a7d074-492e-466c-974f-c7716f49f9cd","88db974e-ffe8-418a-ab27-c46b7f4ad291","Kyle","Philips","-","0.0","1",,"WR",,,
"74fac219-2870-4efd-b626-ce14aabf25ce","80c77685-769d-49a1-880b-41a4ec568c57","Andrew","Armstrong","-","0.0","1",,"WR","Kansas City Chiefs",,
"7508b785-b106-41bd-ac2b-959c880117ae","cf90b7b8-1c52-4aa5-b766-44c2f61db7aa","Nick","Vannett","-","0.0","1",,"TE","Seattle Seahawks",,
"75c7e06b-6d80-492e-9acd-69c99387535d","6fd7f2d3-4fbf-4bc9-bd92-44d72bf8b1c1","Logan","Thomas","-","0.0","1",,"TE",,,
"75d4e395-988c-4244-aebc-9d3dd94f6e2b","684fc58b-2c49-4dd8-9b55-02df290597aa","Byron","Pringle","-","0.0","1",,"WR",,,
"75f5419d-d8cb-42c9-a6be-6c372ce7b4d2","f579e9d6-fb89-46b2-929a-53a4851997e1","Lake","McRee","-","0.0","1",,"TE","Pittsburgh Steelers",,
"765beb95-e29b-4caf-82e5-5bb2b2e3d294","f875617a-a6f6-4e73-a1bd-1cbec6a368da","Jalen","Camp","-","0.0","1",,"WR",,,
"7663cfd2-976d-4b3a-91e6-82be09ac91a8","d2d1b8c1-abdc-42f4-ab5d-6ff531cae13f","Sean","Brown","-","0.0","1",,"WR",,,
"76e33e22-1afe-4eed-9cf9-e52b512688b6","3cd29adf-71c5-4c78-8981-ac12e98f6060","Andy","Isabella","-","0.0","1",,"WR",,,
"7754be4c-d44a-45ee-995b-3cae07765724","606aebf2-f9f9-404b-b6b9-fc6d5dc62de5","Zack","Moss","-","0.0","1",,"RB",,,
"776f52b4-4038-4e98-9216-a93656310d59","3324bf4a-377b-4bde-8f24-380ab961e382","Darrynton","Evans","-","0.0","1",,"RB",,,
"778596e2-b598-4fb8-9b13-20f70e564494","7fbb01f7-c733-48ed-957d-9b0c11f2f2cd","David","Durden","-","0.0","1",,"WR",,,
"7788d8bd-c3ee-446f-bcfb-ef7f1fe0e050","e6bb4b6d-b2b6-446b-8c2f-f9a27dd2783b","Cole","Turner","-","0.0","1",,"TE","Miami Dolphins",,
"77bd512b-5aa1-4fed-acb0-09864168d3e0","82fb71e6-751c-4d58-9057-d45923b76716","Jody","Fortson","-","0.0","1",,"TE",,,
"7833dda1-1735-461c-bdaf-47c1d49ab43e","7e6f6802-ff96-4ef9-8e01-14724b993253","Craig","Reynolds","-","0.0","1",,"RB",,,
"789a1ff0-4341-453d-9a94-82803be77a29","5ea148f4-b488-4c0f-9f49-fd2c074138ef","Kene","Nwangwu","-","0.0","1",,"RB","New York Jets",,
"7988398b-94aa-45a9-8a1e-b55edeee825d","f5719285-90d6-491e-9489-4ac0cb164e4b","Easton","Stick","-","0.0","1",,"QB","Indianapolis Colts",,
"798b5cfb-5f8d-4d30-8bcb-e72ba4f950a4","5aca3452-c677-4c7b-96dc-36046152cdb8","Cam","Akers","-","0.0","1",,"RB",,,
"7a603752-7bce-454d-ad96-a7d025ea10e6","030dbbe9-7a02-4fc9-9d89-3ce57114ec8e","Quentin","Moore","-","0.0","1",,"TE","Washington Commanders",,
"7a6bf22a-f7e7-4e93-abcb-6bcb48bb7904","b4ce4862-3c92-4b80-8782-4ac3d309d2ff","Marcus","Rosemy-Jacksaint","-","0.0","1",,"WR",,,
"7a9fd671-6036-4293-80f4-f272b9398443","a19b97ed-908f-42e3-9802-1f98e71b522a","Hayden","Large","-","0.0","1",,"TE","Chicago Bears",,
"7aa05d2c-6cea-4eb0-a11c-f8b97a38ba9a","defb990b-58ba-4796-a9b4-fc87d5f0e4d1","Sean","Ryan","-","0.0","1",,"WR",,,
"7ad5b4e1-e0d7-4a31-86ca-deac07c2877d","af646a26-fe0b-44bb-9034-cbcb024fc9bc","Ra'Shaun","Henry","-","0.0","1",,"WR",,,
"7b439012-0346-4593-bc6e-4f0f6d77de3e","2086b60d-00d0-4267-b0b7-7afa903902b4","MyCole","Pruitt","-","0.0","1",,"TE",,,
"7b505541-985e-4b20-bb22-441a036aac59","ed83398e-35b9-4db9-aef5-58e4131f4adc","Frank","Gore","-","0.0","1",,"RB","Buffalo Bills",,
"7b69438a-c811-4b3a-8d9a-8abfb0569ea0","ce86296c-ef28-4b01-8363-c3d4cb5470f7","Michael","Strachan","-","0.0","1",,"WR",,,
"7b75f630-8360-47db-8871-bf4bb4b24fbd","baeeadc9-a86a-4f7c-8bb8-ea119b473c59","Rashod","Owens","-","0.0","1",,"WR",,,
"7ba9ccef-4507-4402-a1f4-02a80535b97e","3509fb2d-290e-463e-a200-91811aeaa68f","Duke","Johnson","-","0.0","1",,"RB",,,
"7baa716c-85af-4444-83ea-ba965140fa99","b6f08355-a9df-460c-9c55-4a451bbdabe4","Cole","Payton","-","0.0","1",,"QB","Philadelphia Eagles",,
"7bb11129-ead0-4081-b6c2-6d93b2658046","e7b3c934-50a8-4a3a-9f2b-a26cf98542ac","Jonathan","Ward","-","0.0","1",,"RB",,,
"7bbffe56-2379-4435-bf27-5f69650577d8","89ddb0fb-14a4-4570-88d9-a525b372ab24","Patrick","Herbert","-","0.0","1",,"TE","Jacksonville Jaguars",,
"7bff0726-9d1f-4c70-9963-b6cee8c29505","75db8d7a-8a83-4a3c-918f-ae035fd6bb62","Drake","Stoops","-","0.0","1",,"WR",,,
"7c4c614f-d47f-4c3c-9783-2b780973b76a","c1dcc723-496d-472b-a5e9-657d510fe389","Ty'Son","Williams","-","0.0","1",,"RB",,,
"7cce538f-83cd-4a5b-97b3-a824f2f15139","6b2f4b51-28cc-4eb3-9c16-4fdd0d96eb6d","Josh","Kelly","-","0.0","1",,"WR","Houston Texans",,
"7d08594c-7e30-44fa-ad47-2d5cc3233708","1dd8ef88-930d-461a-b2fe-33b31cb82ef4","Willie","Snead","-","0.0","1",,"WR",,,
"7dee4dc3-1d59-4c76-9d3c-8acc7b1b4077","c9d028e6-b508-49ec-b235-00b399afc15c","Jamison","Crowder","-","0.0","1",,"WR",,,
"7df66fc1-f15f-4c5e-aa23-985e4d1117a7","5a3d90f2-18c8-4616-85c3-042838230cbf","Devin","Asiasi","-","0.0","1",,"TE",,,
"7e15b80f-d206-46e1-a444-26b08e466318","19d6019b-fdcb-403f-9fef-d6b7146855b6","Ricky","Person","-","0.0","1",,"RB",,,
"7e3317f7-006f-4b75-84fd-2feafd565d58","51535789-972d-4438-bf5e-8617e71d83ea","Malik","Knowles","-","0.0","1",,"WR",,,
"7e3ac6a9-9cfa-4adb-987a-4b3ee605b9c4","2e9d9efc-241f-49b6-8d7a-b165e92ffe63","Michael","Burton","-","0.0","1",,"RB","Cleveland Browns",,
"7e743609-301a-45f0-8153-ea33a49b6c6a","2647b1fa-7462-42f6-9c0c-7af8e832e27e","Tim","Boyle","-","0.0","1",,"QB",,,
"7e75c92c-b280-4d24-82de-9f3106b16aa2","66314378-509f-4782-aae3-289603eca611","Lan","Larison","-","0.0","1",,"RB","New England Patriots",,
"7e90264b-9ac8-4c44-9411-08eee8b899e8","8a3c1010-e655-44b2-961b-be21c6582ac7","Pooka","Williams","-","0.0","1",,"WR",,,
"7f30a473-54e3-441d-b8e1-105722984962","7ef90151-aca0-429e-afbb-3aec19c8d687","Kazmeir","Allen","-","0.0","1",,"RB",,,
"7f571653-fa53-4027-90f1-213bd8b3604a","c25debc8-79b9-44d5-8ac4-4edca7d7b779","Raheem","Mostert","-","0.0","1",,"RB",,,
"7f962a0c-551b-4a63-8f8f-2cb5ca384cd6","12416569-f6da-4bfa-833b-8633c76ce9f9","Chris","Herndon","-","0.0","1",,"TE",,,
"7f96d1eb-4d81-48bd-9990-b025ced8a26a","5166aed6-f9f1-4163-9fb4-6dacf4406e29","Michael","Pratt","-","0.0","1",,"QB",,,
"7f9bb7df-cf86-49b7-800f-aac037e2334e","1abd6fd0-650c-4189-99c7-4c044529693a","Luke","Grimm","-","0.0","1",,"WR","Los Angeles Chargers",,
"7fc06a75-5b14-45eb-a016-1932b70bf435","47b54337-699a-4a29-bc6c-7010673d3773","Tom","Kennedy","-","0.0","1",,"WR","Detroit Lions",,
"7fd274c5-c9af-4ae3-9df9-de27d05137a3","5e6778cf-2357-4dad-a725-36eb83bf7486","Dennis","Houston","-","0.0","1",,"WR","Tampa Bay Buccaneers",,
"7fdbe74d-a75b-4e28-85d9-eac30279f49b","5d65d34d-ac31-470e-b257-884cd1988656","Amari","Rodgers","-","0.0","1",,"WR",,,
"80370cd8-cd89-42e9-a789-d3af106acb79","9a95a8ed-3c68-4407-8577-b87f61314094","Carter","Bradley","-","0.0","1",,"QB","Jacksonville Jaguars",,
"807457a1-c78a-4302-b826-ebcb61d1feec","837fa8b8-2333-489a-9fa8-64f8825c730d","Tulu","Griffin","-","0.0","1",,"WR",,,
"807bf1d6-1fc9-4ff3-a4ca-a067404d4b08","c1dbe39a-c909-4e1e-8952-b31f6f237df6","Jarvis","Landry","-","0.0","1",,"WR",,,
"80e266d8-371a-4108-bd48-57c5709c51bb","600a0f50-3511-4795-8543-25c7a167e915","Jase","McClellan","-","0.0","1",,"RB",,,
"8103657d-a45b-47c7-85d9-43e25ce00618","8e6bee21-668f-49b7-9977-d33642677c76","Jacob","Copeland","-","0.0","1",,"WR",,,
"81fdaf6c-7655-496e-bd68-663004dc808f","f4414b00-6ea6-4804-b8cf-df2a5de64ae8","Keith","Kirkwood","-","0.0","1",,"WR",,,
"8201edfb-cb16-4acc-a9d8-16fadc4e748e","178af1d7-b8c2-4352-be8a-089712728525","Jamoi","Mayes","-","0.0","1",,"WR",,,
"8211f6d7-d117-42b5-aa75-07b7b5bae907","348b5dc8-e106-4ffb-b058-ee609e9e0a6e","Charleston","Rambo","-","0.0","1",,"WR",,,
"8230f3ee-8e6f-4d37-b96a-10ecab5d0fd2","10e0a2ff-5721-42d3-808a-c73914405da5","Dee","Eskridge","-","0.0","1",,"WR",,,
"823ac9fd-fce2-45d5-bfdc-f3950e2dd2be","82ad0764-47cd-4497-b192-6d43fb8af08f","Dontay","Demus","-","0.0","1",,"WR",,,
"825ab616-edf9-4e71-b98d-341904105cf5","fc905ffc-8404-42bf-b541-15113774e0bd","Emory","Jones","-","0.0","1",,"QB",,,
"82783f4a-99eb-41f0-8428-be44aac61c2b","475e192b-6c8c-4c89-bc74-fc1f94b2931d","Ahmani","Marshall","-","0.0","1",,"RB","Cleveland Browns",,
"8331beb1-9ecb-42b2-91fb-0697d5c7e302","06aed1aa-6279-4ccb-9060-ab3b0091cc4b","Brycen","Hopkins","-","0.0","1",,"TE",,,
"83cccb04-ce4d-4a96-8d83-7b5b748af743","81bc7f2e-11a9-4532-9f69-8525ed069808","Hal","Presley","-","0.0","1",,"WR",,,
"840b4ea9-14be-44ff-a374-095bbecf2df9","182ed059-d05b-48ad-876d-066765be91eb","Jalen","White","-","0.0","1",,"RB",,,
"8412b906-9f7f-4558-a209-f5fae0c2c965","7dc4bf58-7897-4fc0-8a97-7de75f3c487e","Thomas","Yassmin","-","0.0","1",,"TE","Green Bay Packers",,
"84359a51-13c4-4ebb-9023-366167f2f05c","96b00db2-4d7b-4c8c-93bb-a5ab7ea6db6a","Malik","Taylor","-","0.0","1",,"WR",,,
"8438abc2-254f-48ed-a307-247b6774d127","7a0ab36e-fb37-4ccb-a0cc-631708972942","Damien","Harris","-","0.0","1",,"RB",,,
"8449f851-65b3-4eda-9afb-46a2d7025e99","7e161a67-0d0f-452d-80ac-31d450eec488","Carsen","Ryan","-","0.0","1",,"TE","Cleveland Browns",,
"8471e70a-b63a-476c-88ea-de7f6772660c","aac67e29-d938-402b-ab3e-d020976afd40","Tre'Shaun","Harrison","-","0.0","1",,"WR",,,
"84d35cf0-598c-486c-a150-dcc44f8db1f5","322ad23a-7a5a-4740-9b2e-8e6a9f3bfab8","Erik","Ezukanma","-","0.0","1",,"WR","Philadelphia Eagles",,
"84e4dfdf-14ed-454a-9b51-5bc91cb0ac4b","7fee807d-be87-4220-b14d-e696e5505989","Travis","Vokolek","-","0.0","1",,"TE",,,
"8508c953-1050-476d-9b35-91ba82c5cfba","506acbf6-d40d-413a-804b-b1b88f57aa9a","Isaiah","Wooden","-","0.0","1",,"WR",,,
"85ae2f6d-36d3-4d55-a74c-41cca03eeb41","09cb280b-7e4b-43f9-b742-07227972080f","Khari","Blasingame","-","0.0","1",,"RB",,,
"85afe49c-c00b-4448-aed1-f75546f9f85e","b83aeb53-9062-43b3-b430-5e7272a9c523","Jalen","Wayne","-","0.0","1",,"WR",,,
"85d03ba1-8f82-4fda-8e63-bffd5a0a62a9","5f155641-2aa3-4159-9540-5776019aedad","Cornell","Powell","-","0.0","1",,"WR","Pittsburgh Steelers",,
"8602280d-c3d2-4449-8c3f-031f39ffcdca","f5d0c6b9-7fc5-4d60-ac80-80ba390b7c07","Hank","Beatty","-","0.0","1",,"WR","Tennessee Titans",,
"86a986e7-1547-4a6e-833f-b82a19775b7d","5a06a364-0c19-4cc5-be0d-f6ed33db9b30","Mike","Boone","-","0.0","1",,"RB",,,
"875e09c1-7f37-4a4c-88b9-5b4d41f2f308","d49b53e0-66b4-466e-88d0-c88c35409192","Jaray","Jenkins","-","0.0","1",,"WR",,,
"87669be5-183d-4332-b053-e5269efe952e","224aa219-dd0f-4199-97d0-bd12f78dd08a","Monaray","Baldwin","-","0.0","1",,"WR",,,
"877b2ba2-4ef5-4bb1-a8b1-2c598d9b6211","1616ac66-d8ab-4c79-9598-e0d61242faa7","Rashaad","Penny","-","0.0","1",,"RB",,,
"87c70ab4-657e-452e-9c0c-491476b85e47","84de2e30-7a1e-4c22-891a-2a11d8cd29db","Jha'Quan","Jackson","-","0.0","1",,"WR","Houston Texans",,
"88654f69-0b98-4c0b-a554-ffb2a273c5da","e62fb788-c84a-4f00-8f9e-4bd1ffc730cb","Curtis","Hodges","-","0.0","1",,"TE",,,
"88e2397b-075f-44b6-996a-3a193e80d2e2","34563ed6-4c32-415d-8dd7-d7204e553e83","Alex","Bachman","-","0.0","1",,"WR",,,
"897d33c7-840a-4304-ba95-ad737bbead93","1e21d975-86cd-4ec5-a056-e5bff2b6556d","Josh","Pederson","-","0.0","1",,"TE",,,
"8981cfc4-7de5-4f3f-af39-057c01b48851","5c6a3b7b-3c9d-412f-974a-224d100b9316","Noah","Short","-","0.0","1",,"WR",,,
"899f9837-9321-4045-90eb-e03e62575524","6138a0a8-55c9-4f5c-8c1e-38eed1b9a675","Stephen","Sullivan","-","0.0","1",,"TE",,,
"89d76a3c-7797-4d87-ba9b-f0dc410ee18d","b81c8cfe-41e9-4a9b-9fe0-614ee26eb47c","Miles","Sanders","-","0.0","1",,"RB",,,
"8a368fbe-dcea-478b-902b-615de633e2a0","6f040dad-a0f3-4c30-8613-df0abc3b88f2","Jamari","Thrash","-","0.0","1",,"WR","Cleveland Browns",,
"8a3ec086-3792-48ce-bdba-fd58714c76ed","985b2daf-5884-49c1-bc20-055e400a8b2f","Dominic","Lovett","-","0.0","1",,"WR","Detroit Lions",,
"8a7840ba-b8a1-4b7e-87a5-f2889c1fc403","3ed3bfce-c9a9-4f42-8c0a-43702e7e449b","Tre'Quan","Smith","-","0.0","1",,"WR",,,
"8b002e80-1d76-4698-9074-84eaa6de44c4","a8c6ef44-3a37-4c86-9c18-50d0432f9286","Austin","Reed","-","0.0","1",,"QB","Baltimore Ravens",,
"8b82337c-a11d-4bdc-8e18-f2d79f16f414","963d8ebc-533c-42d6-bfa7-0d800e0270f3","Tommy","Mellott","-","0.0","1",,"WR",,,
"8b984a77-5594-4beb-a8dd-f78819d52e20","185b1786-74d4-4c06-9af4-c9ec699722e8","Coleman","Bennett","-","0.0","1",,"RB","Chicago Bears",,
"8bc76418-4852-40e6-92c3-e80d73024bf1","4a8dfda0-4799-466b-af25-2fe1c00b01f3","Brett","Rypien","-","0.0","1",,"QB","Houston Texans",,
"8c071466-2b52-4608-8777-729d5e3a4c7b","04bce27e-b105-48d2-8308-96b1b477a51b","Ben","Patterson","-","0.0","1",,"WR",,,
"8c0f59e1-f2c0-446a-98d6-2971a9a6d9b3","62da3dbc-8e78-4d5c-91cd-8ac5931e72f9","Cody","Hardy","-","0.0","1",,"TE","New Orleans Saints",,
"8c35fd0d-8994-4d59-baa7-3f002c43290e","cb567828-73a6-437a-9348-5e4b2712813f","Jacob","Clark","-","0.0","1",,"QB","Las Vegas Raiders",,
"8c634e5d-9bae-46bb-98fe-75d7ab509e4d","6c2e2f74-925b-4234-9d89-dba79749f6c5","Mark","Redman","-","0.0","1",,"TE","Los Angeles Rams",,
"8c9758a2-5080-4f52-92e6-d55190bb32a9","55d2ccbb-3084-4d4f-82d2-7f0ba17516f8","Tyler","Kahmann","-","0.0","1",,"WR",,,
"8cc55351-a503-4ebd-a5ba-063508b74f19","4e095da6-5de5-4123-8d01-1cbffb761394","Kirk","Merritt","-","0.0","1",,"WR",,,
"8d13bd96-7315-4929-b189-d9738ab8b032","d27a4f15-09ed-41b3-86ff-dd6a1baa2043","Bryson","Nesbit","-","0.0","1",,"TE","Minnesota Vikings",,
"8d147301-3955-4c0a-af6d-2e95cf631ec2","ed0b21cf-64a2-44b8-9d5f-442aed878ce6","Noah","Togiai","-","0.0","1",,"TE",,,
"8d2feef1-97ca-4a3c-9858-215a2c04b88a","b524d141-792b-40b0-b03f-5ba8b37d86be","Trent","Taylor","-","0.0","1",,"WR",,,
"8d44af20-eda7-47f3-8ed7-1efb8fb51e5a","c35897ed-2889-46f3-9aec-64e524a3c694","Dwayne","Washington","-","0.0","1",,"RB",,,
"8d93b810-3595-467c-bf13-ea15ac9f28f2","88baddb4-a33f-4433-a1be-dc8042c8e4a5","Mathew","Sexton","-","0.0","1",,"WR",,,
"8d9f48cc-6b86-453b-9807-f08541c0fb2e","ebe7223e-f43b-43cb-b90b-083a1a575206","Marvin","Hall","-","0.0","1",,"WR",,,
"8da1435a-da95-4575-8493-162926532e7e","6ae27251-4aed-4a1e-8136-5c58736c597e","Landon","Parker","-","0.0","1",,"WR",,,
"8df5f471-82bf-40fe-adca-0f935a2dcae6","462115cd-2271-4331-87ba-908346e8dbac","Anthony","Schwartz","-","0.0","1",,"WR",,,
"8e6e4b9c-fc13-4ce5-8d97-e617397170fc","b464489b-bf3c-4d18-aa72-4b83e8ffb15b","Scotty","Miller","-","0.0","1",,"WR","Chicago Bears",,
"8ea3ae92-6e54-4a0a-9e07-a53ed6bfb618","11fb5bbf-df4e-4748-b35e-5fc10f73b0c4","JP","Richardson","-","0.0","1",,"WR","Chicago Bears",,
"8ee3c877-da85-4d1d-975d-a14582e50767","27752b82-b3bd-4ccb-a5d3-8dbb8814dd35","Robert","Lewis","-","0.0","1",,"WR",,,
"8f5e5a04-1ff1-4d64-8337-4735f3971c19","b3b3b1d2-7095-4e4d-8b7d-b6f90e689f77","Joel","Wilson","-","0.0","1",,"TE","Tennessee Titans",,
"8f9ef7b7-f831-475c-9957-8a8466e5823c","57be2de1-9750-4c92-a330-b490c7362c0c","Jermar","Jefferson","-","0.0","1",,"RB","Minnesota Vikings",,
"9028c03b-87a1-4135-bbae-6e1da14c72ab","2d7362a4-246e-44a1-bc8a-97670b059ea5","Reggie","Gilliam","-","0.0","1",,"RB","New England Patriots",,
"90929449-f4b5-4c40-be5f-a769429ae249","efc26b9a-4d41-4dc0-8425-7806c1f284d0","Adam","Shaheen","-","0.0","1",,"TE",,,
"912a7edd-7d07-4561-aaaa-327014af299f","e993bea0-0942-4389-8ef9-73a9fb83ff42","Trey","Knox","-","0.0","1",,"TE",,,
"917de80a-aea7-4c59-810f-ca3eb0da1264","62dcf171-8d72-4f6f-948d-14db5aabb1e4","Dallin","Holker","-","0.0","1",,"TE",,,
"9181de5e-05a5-4ec2-a7e3-0e6d7e8615cc","a11b657b-4893-4bd8-9b4e-bf951554fb1b","Deontay","Burnett","-","0.0","1",,"WR",,,
"926b0bbb-78da-430c-9e24-47f174dbeaf8","07641bfd-1cc2-4c66-87cf-1949764e11b9","J. Michael","Sturdivant","-","0.0","1",,"WR","Green Bay Packers",,
"92a14c82-dd2d-4eff-a913-5890f237247e","b54a400e-6561-473e-990e-8d28394fb779","Chris","Myarick","-","0.0","1",,"TE","Las Vegas Raiders",,
"942f2681-95f7-40f1-88f0-ddb341099960","b3356e24-e1e2-4648-bc33-5ba1074bd638","Nick","Boyle","-","0.0","1",,"TE",,,
"94496da8-3cce-4706-9432-cb736240618e","9d9fe379-f313-4c5e-8501-063f7f4d4907","Noah","Brown","-","0.0","1",,"WR","Washington Commanders",,
"949bf24f-6807-45d1-a9c0-667bf5d73224","5c10c497-057a-4c46-bccf-8c48f3d33f65","Terrell","Bynum","-","0.0","1",,"WR",,,
"94baae09-ec85-47de-86dc-d57c55a0ab2f","7edf3162-eaad-44de-9818-09ab0b107eb4","Joshua","Cephus","-","0.0","1",,"WR",,,
"94e4b614-c950-4348-9a30-9841cf62dc40","bafcc8d6-18e2-4a46-9c9d-64b37b608e24","Mike","White","-","0.0","1",,"QB",,,
"9523ac31-02be-48f4-876d-77a7298c1b90","bfce6c9e-0e30-4b15-91a8-29e86d072988","Russell","Wilson","-","0.0","1",,"QB",,,
"952cc89b-42d4-471a-8079-52251d70c672","81db294a-396b-4450-af6f-0349ba219817","Rakim","Jarrett","-","0.0","1",,"WR",,,
"95bdd920-1cb3-477b-814b-cf3e68d011e3","dc6f13c8-709d-41be-84ce-1f11151225e5","Jeff","Caldwell","-","0.0","1",,"WR","Kansas City Chiefs",,
"95d5153f-2230-46c2-b7b6-23f593596f10","d2345f79-fcfa-4ff3-a082-dea796a53878","Damiere","Byrd","-","0.0","1",,"WR",,,
"964794fd-2da0-4f38-b369-4034f696d464","671f9989-f469-43a6-a7df-5ffc3e3c1469","Justin","Hall","-","0.0","1",,"WR",,,
"96bf074a-dab5-4e38-991b-1d0e7dd22c30","512d8d07-85b2-4163-aea0-1b2b0dd25c07","Luke","Altmyer","-","0.0","1",,"QB","Detroit Lions",,
"9717abcb-3a26-4c41-92f2-3973b2866d56","778f355b-72cc-43b8-9f41-329981aa53bf","Elijhah","Badger","-","0.0","1",,"WR",,,
"97543364-10f7-4efe-bc28-d68a3fd1b466","87939b5c-548c-48c3-8215-87c16fc255af","AJ","Henning","-","0.0","1",,"WR","Miami Dolphins",,
"97b57545-d331-4afe-98fb-b3fe8ebe6491","26ce27f5-babb-4cb5-a39f-9a89c416b69e","Max","Duggan","-","0.0","1",,"QB",,,
"98780d1f-8ecb-4a5a-8b7d-aff6f1f6d2f4","75768915-8483-4ce8-8f8f-b1f5c672cf5a","Thaddeus","Moss","-","0.0","1",,"TE",,,
"98afa47e-0fce-4656-91b7-9f44c35f9e5e","c9e8fd75-195c-4759-b045-52f47fc1afda","Wayne","Gallman","-","0.0","1",,"RB",,,
"994d07b5-70d1-4e80-bb5d-b70d7c707c72","23a1285d-7c81-488e-a24c-cea3484f6892","Ross","Dwelley","-","0.0","1",,"TE",,,
"9969dab5-4de0-4f8f-b2ca-1ee6529a5739","999d8e9e-82e1-4314-aee4-5c97b1ee48ee","Deneric","Prince","-","0.0","1",,"RB",,,